nbbgi;treatcode;cycle;varcode;rowspace;begdate;enddate;trialat;trialong;trialalt;soilcode;inisoilvol;rootdepth;irricode;wstacode
9;AYRG-0-0-N01-Q117;0;R570;1.5;22/04/1992;13/08/1993;-19.6;147.43;11;AYR;0.9;100;AYR-0;501
9;AYRG-0-0-N02-Q117;0;R570;1.5;22/04/1992;13/08/1993;-19.6;147.43;11;AYR;0.9;100;AYR-0;501
9;AYRG-0-0-N03-Q117;0;R570;1.5;22/04/1992;13/08/1993;-19.6;147.43;11;AYR;0.9;100;AYR-0;501
9;AYRG-1-0-N01-Q117;1;R570;1.5;11/09/1993;13/10/1994;-19.6;147.43;11;AYR;0.9;100;AYR-1;501
9;AYRG-1-0-N02-Q117;1;R570;1.5;11/09/1993;13/10/1994;-19.6;147.43;11;AYR;0.9;100;AYR-1;501
9;AYRG-1-0-N03-Q117;1;R570;1.5;11/09/1993;13/10/1994;-19.6;147.43;11;AYR;0.9;100;AYR-1;501
9;BCCA-0-0-AAA-R570;0;R570;1.4;11/09/2002;21/08/2003;-21;55;100;CTC04;0.7;100;RAINFED;201
9;BCCA-0-0-AAA-SP791011;0;R570;1.4;11/09/2002;21/08/2003;-21;55;100;CTC04;0.7;100;RAINFED;201
9;BCSU-0-0-IRR-NCO376;0;R570;1.4;29/10/2004;27/09/2005;-21;55;100;CTC04;0.95;100;CSU-0;201
9;BCSU-0-0-IRR-R570;0;R570;1.4;29/10/2004;27/09/2005;-21;55;100;CTC04;0.95;100;CSU-0;201
9;BCSU-0-0-IRR-RB72454;0;R570;1.4;29/10/2004;27/09/2005;-21;55;100;CTC04;0.95;100;CSU-0;201
9;BCSU-0-0-IRR-SP832847;0;R570;1.4;29/10/2004;27/09/2005;-21;55;100;CTC04;0.95;100;CSU-0;201
9;BCSU-0-0-PLU-NCO376;0;R570;1.4;29/10/2004;27/09/2005;-21;55;100;CTC04;0.95;100;RAINFED;201
9;BCSU-0-0-PLU-R570;0;R570;1.4;29/10/2004;27/09/2005;-21;55;100;CTC04;0.95;100;RAINFED;201
9;BCSU-0-0-PLU-RB72454;0;R570;1.4;29/10/2004;27/09/2005;-21;55;100;CTC04;0.95;100;RAINFED;201
9;BCSU-0-0-PLU-SP832847;0;R570;1.4;29/10/2004;27/09/2005;-21;55;100;CTC04;0.95;100;RAINFED;201
9;BXAA-2-0-AAA-R570;2;R570;1.5;13/10/1998;15/10/1999;-21;55;550;BX;0.25;80;RAINFED;974002
9;BXAA-3-0-AAA-R570;3;R570;1.5;05/10/1999;23/06/2000;-21;55;550;BX;0.25;80;RAINFED;974002
9;BXAA-3-0-BAA-R570;3;R570;1.5;05/10/1999;23/06/2000;-21;55;550;BX;0.25;80;RAINFED;974002
9;BXAA-3-0-CAA-R570;3;R570;1.5;05/10/1999;23/06/2000;-21;55;550;BX;0.25;80;RAINFED;974002
9;CCYC-1-0-D1A-R570;1;R570;1.5;28/07/2001;22/07/2003;-21;55;100;COP4;0.25;80;RAINFED;97413520
9;CCYC-1-0-D2A-R570;1;R570;1.5;12/12/2001;22/07/2003;-21;55;100;COP4;0.25;80;RAINFED;97413520
9;CCYC-2-0-D1A-R570;2;R570;1.5;22/07/2003;15/11/2004;-21;55;100;COP4;0.25;80;RAINFED;97413520
9;CCYC-2-0-D2A-R570;2;R570;1.5;08/09/2003;15/11/2004;-21;55;100;COP4;0.25;80;RAINFED;97413520
9;CCYC-2-0-D3A-R570;2;R570;1.5;28/10/2003;15/11/2004;-21;55;100;COP4;0.25;80;RAINFED;97413520
9;CCYC-2-0-D4A-R570;2;R570;1.5;04/12/2003;15/11/2004;-21;55;100;COP4;0.25;80;RAINFED;97413520
9;CHIG-0-0-ZN6-ZN6;0;R570;1.5;15/05/2009;02/06/2010;-21.3;31.6;420;CHIREDZI;0.9;100;CHI-0;508
9;CHIG-0-0-ZN7-ZN7;0;R570;1.5;15/05/2009;02/06/2010;-21.3;31.6;420;CHIREDZI;0.9;100;CHI-0;508
9;CHIG-1-0-ZN6-ZN6;1;R570;1.5;03/06/2010;26/05/2011;-21.3;31.6;420;CHIREDZI;0.9;100;CHI-1;508
9;CHIG-1-0-ZN7-ZN7;1;R570;1.5;03/06/2010;26/05/2011;-21.3;31.6;420;CHIREDZI;0.9;100;CHI-1;508
9;CHIG-2-0-ZN6-ZN6;2;R570;1.5;27/05/2011;31/05/2012;-21.3;31.6;420;CHIREDZI;0.9;100;CHI-2;508
9;CHIG-2-0-ZN7-ZN7;2;R570;1.5;27/05/2011;31/05/2012;-21.3;31.6;420;CHIREDZI;0.9;100;CHI-2;508
9;CP02-0-0-AAA-R570;0;R570;1.5;24/12/1992;03/08/1994;-21;55;100;COP2;0.25;80;RAINFED;97413520
9;CP02-1-0-AAA-R570;1;R570;1.5;03/08/1994;10/05/1996;-21;55;100;COP2;0.25;80;P02-1;97413520
9;CP04-0-0-AAA-R570;0;R570;1.5;03/03/1994;06/09/1995;-21;55;100;COP4;0.25;80;NC;97413520
9;CP04-1-0-AAA-R570;1;R570;1.5;06/09/1995;30/10/1997;-21;55;100;COP4;0.25;80;RAINFED;97413520
9;CP04-3-0-AAA-R570;3;R570;1.5;05/08/1998;27/06/2000;-21;55;100;COP4;0.25;80;RAINFED;97413520
9;CVA1-0-0-AAA-R570;0;R570;1.5;05/03/2003;29/06/2004;-21;55;100;COP4;0.8;80;RAINFED;97413520
9;CVA1-0-0-AAA-R575;0;R570;1.5;05/03/2003;29/06/2004;-21;55;100;COP4;0.8;80;RAINFED;97413520
9;CVA1-0-0-AAA-R577;0;R570;1.5;05/03/2003;29/06/2004;-21;55;100;COP4;0.8;80;RAINFED;97413520
9;CVA1-0-0-AAA-R579;0;R570;1.5;05/03/2003;29/06/2004;-21;55;100;COP4;0.8;80;RAINFED;97413520
9;CVA1-1-0-AAA-R570;1;R570;1.5;29/06/2004;07/12/2005;-21;55;100;COP4;0.8;80;RAINFED;97413520
9;CVA1-1-0-AAA-R575;1;R570;1.5;29/06/2004;07/12/2005;-21;55;100;COP4;0.8;80;RAINFED;97413520
9;CVA1-1-0-AAA-R577;1;R570;1.5;29/06/2004;07/12/2005;-21;55;100;COP4;0.8;80;RAINFED;97413520
9;CVA1-1-0-AAA-R579;1;R570;1.5;29/06/2004;07/12/2005;-21;55;100;COP4;0.8;80;RAINFED;97413520
15;DEL1-0-0-AAA-B37172;0;R570;1.5;24/02/2009;09/06/2010;-20.903533;55.532001;70;RU100_80;0.8;80;RUCILMDA0;97418123
15;DEL1-0-0-AAA-CO312;0;R570;1.5;24/02/2009;09/06/2010;-20.903533;55.532001;70;RU100_80;0.8;80;RUCILMDA0;97418123
15;DEL1-0-0-AAA-CP76331;0;R570;1.5;24/02/2009;09/06/2010;-20.903533;55.532001;70;RU100_80;0.8;80;RUCILMDA0;97418123
15;DEL1-0-0-AAA-F152;0;R570;1.5;24/02/2009;09/06/2010;-20.903533;55.532001;70;RU100_80;0.8;80;RUCILMDA0;97418123
15;DEL1-0-0-AAA-F160;0;R570;1.5;24/02/2009;09/06/2010;-20.903533;55.532001;70;RU100_80;0.8;80;RUCILMDA0;97418123
15;DEL1-0-0-AAA-H564848;0;R570;1.5;24/02/2009;09/06/2010;-20.903533;55.532001;70;RU100_80;0.8;80;RUCILMDA0;97418123
15;DEL1-0-0-AAA-LF669657;0;R570;1.5;24/02/2009;09/06/2010;-20.903533;55.532001;70;RU100_80;0.8;80;RUCILMDA0;97418123
15;DEL1-0-0-AAA-M37664;0;R570;1.5;24/02/2009;09/06/2010;-20.903533;55.532001;70;RU100_80;0.8;80;RUCILMDA0;97418123
15;DEL1-0-0-AAA-MEX68200;0;R570;1.5;24/02/2009;09/06/2010;-20.903533;55.532001;70;RU100_80;0.8;80;RUCILMDA0;97418123
15;DEL1-0-0-AAA-NCO376;0;R570;1.5;24/02/2009;09/06/2010;-20.903533;55.532001;70;RU100_80;0.8;80;RUCILMDA0;97418123
15;DEL1-0-0-AAA-NIF5;0;R570;1.5;24/02/2009;09/06/2010;-20.903533;55.532001;70;RU100_80;0.8;80;RUCILMDA0;97418123
15;DEL1-0-0-AAA-Q110;0;R570;1.5;24/02/2009;09/06/2010;-20.903533;55.532001;70;RU100_80;0.8;80;RUCILMDA0;97418123
15;DEL1-0-0-AAA-R570;0;R570;1.5;24/02/2009;09/06/2010;-20.903533;55.532001;70;RU100_80;0.8;80;RUCILMDA0;97418123
15;DEL1-0-0-AAA-R573;0;R570;1.5;24/02/2009;09/06/2010;-20.903533;55.532001;70;RU100_80;0.8;80;RUCILMDA0;97418123
15;DEL1-0-0-AAA-R579;0;R570;1.5;24/02/2009;09/06/2010;-20.903533;55.532001;70;RU100_80;0.8;80;RUCILMDA0;97418123
15;DEL1-0-0-AAA-R83288;0;R570;1.5;24/02/2009;09/06/2010;-20.903533;55.532001;70;RU100_80;0.8;80;RUCILMDA0;97418123
15;DEL1-0-0-AAA-R932022;0;R570;1.5;24/02/2009;09/06/2010;-20.903533;55.532001;70;RU100_80;0.8;80;RUCILMDA0;97418123
15;DEL1-0-0-AAA-SM8116;0;R570;1.5;24/02/2009;09/06/2010;-20.903533;55.532001;70;RU100_80;0.8;80;RUCILMDA0;97418123
15;DEL1-0-0-AAA-SP733108;0;R570;1.5;24/02/2009;09/06/2010;-20.903533;55.532001;70;RU100_80;0.8;80;RUCILMDA0;97418123
15;DEL1-0-0-AAA-SP801842;0;R570;1.5;24/02/2009;09/06/2010;-20.903533;55.532001;70;RU100_80;0.8;80;RUCILMDA0;97418123
15;DEL1-0-1-AAA-B37172;0;R570;1.5;24/02/2009;09/06/2010;-20.903533;55.532001;70;RU100_80;0.8;80;RUCILMDA0;97418123
15;DEL1-0-1-AAA-CO312;0;R570;1.5;24/02/2009;09/06/2010;-20.903533;55.532001;70;RU100_80;0.8;80;RUCILMDA0;97418123
15;DEL1-0-1-AAA-CP76331;0;R570;1.5;24/02/2009;09/06/2010;-20.903533;55.532001;70;RU100_80;0.8;80;RUCILMDA0;97418123
15;DEL1-0-1-AAA-F152;0;R570;1.5;24/02/2009;09/06/2010;-20.903533;55.532001;70;RU100_80;0.8;80;RUCILMDA0;97418123
15;DEL1-0-1-AAA-F160;0;R570;1.5;24/02/2009;09/06/2010;-20.903533;55.532001;70;RU100_80;0.8;80;RUCILMDA0;97418123
15;DEL1-0-1-AAA-H564848;0;R570;1.5;24/02/2009;09/06/2010;-20.903533;55.532001;70;RU100_80;0.8;80;RUCILMDA0;97418123
15;DEL1-0-1-AAA-LF669657;0;R570;1.5;24/02/2009;09/06/2010;-20.903533;55.532001;70;RU100_80;0.8;80;RUCILMDA0;97418123
15;DEL1-0-1-AAA-M37664;0;R570;1.5;24/02/2009;09/06/2010;-20.903533;55.532001;70;RU100_80;0.8;80;RUCILMDA0;97418123
15;DEL1-0-1-AAA-MEX68200;0;R570;1.5;24/02/2009;09/06/2010;-20.903533;55.532001;70;RU100_80;0.8;80;RUCILMDA0;97418123
15;DEL1-0-1-AAA-NCO376;0;R570;1.5;24/02/2009;09/06/2010;-20.903533;55.532001;70;RU100_80;0.8;80;RUCILMDA0;97418123
15;DEL1-0-1-AAA-NIF5;0;R570;1.5;24/02/2009;09/06/2010;-20.903533;55.532001;70;RU100_80;0.8;80;RUCILMDA0;97418123
15;DEL1-0-1-AAA-Q110;0;R570;1.5;24/02/2009;09/06/2010;-20.903533;55.532001;70;RU100_80;0.8;80;RUCILMDA0;97418123
15;DEL1-0-1-AAA-R570;0;R570;1.5;24/02/2009;09/06/2010;-20.903533;55.532001;70;RU100_80;0.8;80;RUCILMDA0;97418123
15;DEL1-0-1-AAA-R573;0;R570;1.5;24/02/2009;09/06/2010;-20.903533;55.532001;70;RU100_80;0.8;80;RUCILMDA0;97418123
15;DEL1-0-1-AAA-R579;0;R570;1.5;24/02/2009;09/06/2010;-20.903533;55.532001;70;RU100_80;0.8;80;RUCILMDA0;97418123
15;DEL1-0-1-AAA-R83288;0;R570;1.5;24/02/2009;09/06/2010;-20.903533;55.532001;70;RU100_80;0.8;80;RUCILMDA0;97418123
15;DEL1-0-1-AAA-R932022;0;R570;1.5;24/02/2009;09/06/2010;-20.903533;55.532001;70;RU100_80;0.8;80;RUCILMDA0;97418123
15;DEL1-0-1-AAA-SM8116;0;R570;1.5;24/02/2009;09/06/2010;-20.903533;55.532001;70;RU100_80;0.8;80;RUCILMDA0;97418123
15;DEL1-0-1-AAA-SP733108;0;R570;1.5;24/02/2009;09/06/2010;-20.903533;55.532001;70;RU100_80;0.8;80;RUCILMDA0;97418123
15;DEL1-0-1-AAA-SP801842;0;R570;1.5;24/02/2009;09/06/2010;-20.903533;55.532001;70;RU100_80;0.8;80;RUCILMDA0;97418123
15;DEL1-0-2-AAA-B37172;0;R570;1.5;24/02/2009;09/06/2010;-20.903533;55.532001;70;RU100_80;0.8;80;RUCILMDA0;97418123
15;DEL1-0-2-AAA-CO312;0;R570;1.5;24/02/2009;09/06/2010;-20.903533;55.532001;70;RU100_80;0.8;80;RUCILMDA0;97418123
15;DEL1-0-2-AAA-CP76331;0;R570;1.5;24/02/2009;09/06/2010;-20.903533;55.532001;70;RU100_80;0.8;80;RUCILMDA0;97418123
15;DEL1-0-2-AAA-F152;0;R570;1.5;24/02/2009;09/06/2010;-20.903533;55.532001;70;RU100_80;0.8;80;RUCILMDA0;97418123
15;DEL1-0-2-AAA-F160;0;R570;1.5;24/02/2009;09/06/2010;-20.903533;55.532001;70;RU100_80;0.8;80;RUCILMDA0;97418123
15;DEL1-0-2-AAA-H564848;0;R570;1.5;24/02/2009;09/06/2010;-20.903533;55.532001;70;RU100_80;0.8;80;RUCILMDA0;97418123
15;DEL1-0-2-AAA-LF669657;0;R570;1.5;24/02/2009;09/06/2010;-20.903533;55.532001;70;RU100_80;0.8;80;RUCILMDA0;97418123
15;DEL1-0-2-AAA-M37664;0;R570;1.5;24/02/2009;09/06/2010;-20.903533;55.532001;70;RU100_80;0.8;80;RUCILMDA0;97418123
15;DEL1-0-2-AAA-MEX68200;0;R570;1.5;24/02/2009;09/06/2010;-20.903533;55.532001;70;RU100_80;0.8;80;RUCILMDA0;97418123
15;DEL1-0-2-AAA-NCO376;0;R570;1.5;24/02/2009;09/06/2010;-20.903533;55.532001;70;RU100_80;0.8;80;RUCILMDA0;97418123
15;DEL1-0-2-AAA-NIF5;0;R570;1.5;24/02/2009;09/06/2010;-20.903533;55.532001;70;RU100_80;0.8;80;RUCILMDA0;97418123
15;DEL1-0-2-AAA-Q110;0;R570;1.5;24/02/2009;09/06/2010;-20.903533;55.532001;70;RU100_80;0.8;80;RUCILMDA0;97418123
15;DEL1-0-2-AAA-R570;0;R570;1.5;24/02/2009;09/06/2010;-20.903533;55.532001;70;RU100_80;0.8;80;RUCILMDA0;97418123
15;DEL1-0-2-AAA-R573;0;R570;1.5;24/02/2009;09/06/2010;-20.903533;55.532001;70;RU100_80;0.8;80;RUCILMDA0;97418123
15;DEL1-0-2-AAA-R579;0;R570;1.5;24/02/2009;09/06/2010;-20.903533;55.532001;70;RU100_80;0.8;80;RUCILMDA0;97418123
15;DEL1-0-2-AAA-R83288;0;R570;1.5;24/02/2009;09/06/2010;-20.903533;55.532001;70;RU100_80;0.8;80;RUCILMDA0;97418123
15;DEL1-0-2-AAA-R932022;0;R570;1.5;24/02/2009;09/06/2010;-20.903533;55.532001;70;RU100_80;0.8;80;RUCILMDA0;97418123
15;DEL1-0-2-AAA-SM8116;0;R570;1.5;24/02/2009;09/06/2010;-20.903533;55.532001;70;RU100_80;0.8;80;RUCILMDA0;97418123
15;DEL1-0-2-AAA-SP733108;0;R570;1.5;24/02/2009;09/06/2010;-20.903533;55.532001;70;RU100_80;0.8;80;RUCILMDA0;97418123
15;DEL1-0-2-AAA-SP801842;0;R570;1.5;24/02/2009;09/06/2010;-20.903533;55.532001;70;RU100_80;0.8;80;RUCILMDA0;97418123
15;DEL1-0-3-AAA-B37172;0;R570;1.5;24/02/2009;09/06/2010;-20.903533;55.532001;70;RU100_80;0.8;80;RUCILMDA0;97418123
15;DEL1-0-3-AAA-CO312;0;R570;1.5;24/02/2009;09/06/2010;-20.903533;55.532001;70;RU100_80;0.8;80;RUCILMDA0;97418123
15;DEL1-0-3-AAA-CP76331;0;R570;1.5;24/02/2009;09/06/2010;-20.903533;55.532001;70;RU100_80;0.8;80;RUCILMDA0;97418123
15;DEL1-0-3-AAA-F152;0;R570;1.5;24/02/2009;09/06/2010;-20.903533;55.532001;70;RU100_80;0.8;80;RUCILMDA0;97418123
15;DEL1-0-3-AAA-F160;0;R570;1.5;24/02/2009;09/06/2010;-20.903533;55.532001;70;RU100_80;0.8;80;RUCILMDA0;97418123
15;DEL1-0-3-AAA-H564848;0;R570;1.5;24/02/2009;09/06/2010;-20.903533;55.532001;70;RU100_80;0.8;80;RUCILMDA0;97418123
15;DEL1-0-3-AAA-LF669657;0;R570;1.5;24/02/2009;09/06/2010;-20.903533;55.532001;70;RU100_80;0.8;80;RUCILMDA0;97418123
15;DEL1-0-3-AAA-M37664;0;R570;1.5;24/02/2009;09/06/2010;-20.903533;55.532001;70;RU100_80;0.8;80;RUCILMDA0;97418123
15;DEL1-0-3-AAA-MEX68200;0;R570;1.5;24/02/2009;09/06/2010;-20.903533;55.532001;70;RU100_80;0.8;80;RUCILMDA0;97418123
15;DEL1-0-3-AAA-NCO376;0;R570;1.5;24/02/2009;09/06/2010;-20.903533;55.532001;70;RU100_80;0.8;80;RUCILMDA0;97418123
15;DEL1-0-3-AAA-NIF5;0;R570;1.5;24/02/2009;09/06/2010;-20.903533;55.532001;70;RU100_80;0.8;80;RUCILMDA0;97418123
15;DEL1-0-3-AAA-Q110;0;R570;1.5;24/02/2009;09/06/2010;-20.903533;55.532001;70;RU100_80;0.8;80;RUCILMDA0;97418123
15;DEL1-0-3-AAA-R570;0;R570;1.5;24/02/2009;09/06/2010;-20.903533;55.532001;70;RU100_80;0.8;80;RUCILMDA0;97418123
15;DEL1-0-3-AAA-R573;0;R570;1.5;24/02/2009;09/06/2010;-20.903533;55.532001;70;RU100_80;0.8;80;RUCILMDA0;97418123
15;DEL1-0-3-AAA-R579;0;R570;1.5;24/02/2009;09/06/2010;-20.903533;55.532001;70;RU100_80;0.8;80;RUCILMDA0;97418123
15;DEL1-0-3-AAA-R83288;0;R570;1.5;24/02/2009;09/06/2010;-20.903533;55.532001;70;RU100_80;0.8;80;RUCILMDA0;97418123
15;DEL1-0-3-AAA-R932022;0;R570;1.5;24/02/2009;09/06/2010;-20.903533;55.532001;70;RU100_80;0.8;80;RUCILMDA0;97418123
15;DEL1-0-3-AAA-SM8116;0;R570;1.5;24/02/2009;09/06/2010;-20.903533;55.532001;70;RU100_80;0.8;80;RUCILMDA0;97418123
15;DEL1-0-3-AAA-SP733108;0;R570;1.5;24/02/2009;09/06/2010;-20.903533;55.532001;70;RU100_80;0.8;80;RUCILMDA0;97418123
15;DEL1-0-3-AAA-SP801842;0;R570;1.5;24/02/2009;09/06/2010;-20.903533;55.532001;70;RU100_80;0.8;80;RUCILMDA0;97418123
15;DEL2-0-0-AAA-B37172;0;R570;1.5;02/04/2009;28/06/2010;-21.06909;55.294127;650;RU100_80;0.8;80;NC;974003
15;DEL2-0-0-AAA-CO312;0;R570;1.5;02/04/2009;28/06/2010;-21.06909;55.294127;650;RU100_80;0.8;80;NC;974003
15;DEL2-0-0-AAA-CP76331;0;R570;1.5;02/04/2009;28/06/2010;-21.06909;55.294127;650;RU100_80;0.8;80;NC;974003
15;DEL2-0-0-AAA-F152;0;R570;1.5;02/04/2009;28/06/2010;-21.06909;55.294127;650;RU100_80;0.8;80;NC;974003
15;DEL2-0-0-AAA-F160;0;R570;1.5;02/04/2009;28/06/2010;-21.06909;55.294127;650;RU100_80;0.8;80;NC;974003
15;DEL2-0-0-AAA-H564848;0;R570;1.5;02/04/2009;28/06/2010;-21.06909;55.294127;650;RU100_80;0.8;80;NC;974003
15;DEL2-0-0-AAA-LF669657;0;R570;1.5;02/04/2009;28/06/2010;-21.06909;55.294127;650;RU100_80;0.8;80;NC;974003
15;DEL2-0-0-AAA-M37664;0;R570;1.5;02/04/2009;28/06/2010;-21.06909;55.294127;650;RU100_80;0.8;80;NC;974003
15;DEL2-0-0-AAA-MEX68200;0;R570;1.5;02/04/2009;28/06/2010;-21.06909;55.294127;650;RU100_80;0.8;80;NC;974003
15;DEL2-0-0-AAA-NCO376;0;R570;1.5;02/04/2009;28/06/2010;-21.06909;55.294127;650;RU100_80;0.8;80;NC;974003
15;DEL2-0-0-AAA-NIF5;0;R570;1.5;02/04/2009;28/06/2010;-21.06909;55.294127;650;RU100_80;0.8;80;NC;974003
15;DEL2-0-0-AAA-Q110;0;R570;1.5;02/04/2009;28/06/2010;-21.06909;55.294127;650;RU100_80;0.8;80;NC;974003
15;DEL2-0-0-AAA-R570;0;R570;1.5;02/04/2009;28/06/2010;-21.06909;55.294127;650;RU100_80;0.8;80;NC;974003
15;DEL2-0-0-AAA-R573;0;R570;1.5;02/04/2009;28/06/2010;-21.06909;55.294127;650;RU100_80;0.8;80;NC;974003
15;DEL2-0-0-AAA-R579;0;R570;1.5;02/04/2009;28/06/2010;-21.06909;55.294127;650;RU100_80;0.8;80;NC;974003
15;DEL2-0-0-AAA-R83288;0;R570;1.5;02/04/2009;28/06/2010;-21.06909;55.294127;650;RU100_80;0.8;80;NC;974003
15;DEL2-0-0-AAA-R932022;0;R570;1.5;02/04/2009;28/06/2010;-21.06909;55.294127;650;RU100_80;0.8;80;NC;974003
15;DEL2-0-0-AAA-SM8116;0;R570;1.5;02/04/2009;28/06/2010;-21.06909;55.294127;650;RU100_80;0.8;80;NC;974003
15;DEL2-0-0-AAA-SP733108;0;R570;1.5;02/04/2009;28/06/2010;-21.06909;55.294127;650;RU100_80;0.8;80;NC;974003
15;DEL2-0-0-AAA-SP801842;0;R570;1.5;02/04/2009;28/06/2010;-21.06909;55.294127;650;RU100_80;0.8;80;NC;974003
15;DEL2-0-1-AAA-B37172;0;R570;1.5;02/04/2009;28/06/2010;-21.06909;55.294127;650;RU100_80;0.8;80;NC;974003
15;DEL2-0-1-AAA-CO312;0;R570;1.5;02/04/2009;28/06/2010;-21.06909;55.294127;650;RU100_80;0.8;80;NC;974003
15;DEL2-0-1-AAA-CP76331;0;R570;1.5;02/04/2009;28/06/2010;-21.06909;55.294127;650;RU100_80;0.8;80;NC;974003
15;DEL2-0-1-AAA-F152;0;R570;1.5;02/04/2009;28/06/2010;-21.06909;55.294127;650;RU100_80;0.8;80;NC;974003
15;DEL2-0-1-AAA-F160;0;R570;1.5;02/04/2009;28/06/2010;-21.06909;55.294127;650;RU100_80;0.8;80;NC;974003
15;DEL2-0-1-AAA-H564848;0;R570;1.5;02/04/2009;28/06/2010;-21.06909;55.294127;650;RU100_80;0.8;80;NC;974003
15;DEL2-0-1-AAA-LF669657;0;R570;1.5;02/04/2009;28/06/2010;-21.06909;55.294127;650;RU100_80;0.8;80;NC;974003
15;DEL2-0-1-AAA-M37664;0;R570;1.5;02/04/2009;28/06/2010;-21.06909;55.294127;650;RU100_80;0.8;80;NC;974003
15;DEL2-0-1-AAA-MEX68200;0;R570;1.5;02/04/2009;28/06/2010;-21.06909;55.294127;650;RU100_80;0.8;80;NC;974003
15;DEL2-0-1-AAA-NCO376;0;R570;1.5;02/04/2009;28/06/2010;-21.06909;55.294127;650;RU100_80;0.8;80;NC;974003
15;DEL2-0-1-AAA-NIF5;0;R570;1.5;02/04/2009;28/06/2010;-21.06909;55.294127;650;RU100_80;0.8;80;NC;974003
15;DEL2-0-1-AAA-Q110;0;R570;1.5;02/04/2009;28/06/2010;-21.06909;55.294127;650;RU100_80;0.8;80;NC;974003
15;DEL2-0-1-AAA-R570;0;R570;1.5;02/04/2009;28/06/2010;-21.06909;55.294127;650;RU100_80;0.8;80;NC;974003
15;DEL2-0-1-AAA-R573;0;R570;1.5;02/04/2009;28/06/2010;-21.06909;55.294127;650;RU100_80;0.8;80;NC;974003
15;DEL2-0-1-AAA-R579;0;R570;1.5;02/04/2009;28/06/2010;-21.06909;55.294127;650;RU100_80;0.8;80;NC;974003
15;DEL2-0-1-AAA-R83288;0;R570;1.5;02/04/2009;28/06/2010;-21.06909;55.294127;650;RU100_80;0.8;80;NC;974003
15;DEL2-0-1-AAA-R932022;0;R570;1.5;02/04/2009;28/06/2010;-21.06909;55.294127;650;RU100_80;0.8;80;NC;974003
15;DEL2-0-1-AAA-SM8116;0;R570;1.5;02/04/2009;28/06/2010;-21.06909;55.294127;650;RU100_80;0.8;80;NC;974003
15;DEL2-0-1-AAA-SP733108;0;R570;1.5;02/04/2009;28/06/2010;-21.06909;55.294127;650;RU100_80;0.8;80;NC;974003
15;DEL2-0-1-AAA-SP801842;0;R570;1.5;02/04/2009;28/06/2010;-21.06909;55.294127;650;RU100_80;0.8;80;NC;974003
15;DEL2-0-2-AAA-B37172;0;R570;1.5;02/04/2009;28/06/2010;-21.06909;55.294127;650;RU100_80;0.8;80;NC;974003
15;DEL2-0-2-AAA-CO312;0;R570;1.5;02/04/2009;28/06/2010;-21.06909;55.294127;650;RU100_80;0.8;80;NC;974003
15;DEL2-0-2-AAA-CP76331;0;R570;1.5;02/04/2009;28/06/2010;-21.06909;55.294127;650;RU100_80;0.8;80;NC;974003
15;DEL2-0-2-AAA-F152;0;R570;1.5;02/04/2009;28/06/2010;-21.06909;55.294127;650;RU100_80;0.8;80;NC;974003
15;DEL2-0-2-AAA-F160;0;R570;1.5;02/04/2009;28/06/2010;-21.06909;55.294127;650;RU100_80;0.8;80;NC;974003
15;DEL2-0-2-AAA-H564848;0;R570;1.5;02/04/2009;28/06/2010;-21.06909;55.294127;650;RU100_80;0.8;80;NC;974003
15;DEL2-0-2-AAA-LF669657;0;R570;1.5;02/04/2009;28/06/2010;-21.06909;55.294127;650;RU100_80;0.8;80;NC;974003
15;DEL2-0-2-AAA-M37664;0;R570;1.5;02/04/2009;28/06/2010;-21.06909;55.294127;650;RU100_80;0.8;80;NC;974003
15;DEL2-0-2-AAA-MEX68200;0;R570;1.5;02/04/2009;28/06/2010;-21.06909;55.294127;650;RU100_80;0.8;80;NC;974003
15;DEL2-0-2-AAA-NCO376;0;R570;1.5;02/04/2009;28/06/2010;-21.06909;55.294127;650;RU100_80;0.8;80;NC;974003
15;DEL2-0-2-AAA-NIF5;0;R570;1.5;02/04/2009;28/06/2010;-21.06909;55.294127;650;RU100_80;0.8;80;NC;974003
15;DEL2-0-2-AAA-Q110;0;R570;1.5;02/04/2009;28/06/2010;-21.06909;55.294127;650;RU100_80;0.8;80;NC;974003
15;DEL2-0-2-AAA-R570;0;R570;1.5;02/04/2009;28/06/2010;-21.06909;55.294127;650;RU100_80;0.8;80;NC;974003
15;DEL2-0-2-AAA-R573;0;R570;1.5;02/04/2009;28/06/2010;-21.06909;55.294127;650;RU100_80;0.8;80;NC;974003
15;DEL2-0-2-AAA-R579;0;R570;1.5;02/04/2009;28/06/2010;-21.06909;55.294127;650;RU100_80;0.8;80;NC;974003
15;DEL2-0-2-AAA-R83288;0;R570;1.5;02/04/2009;28/06/2010;-21.06909;55.294127;650;RU100_80;0.8;80;NC;974003
15;DEL2-0-2-AAA-R932022;0;R570;1.5;02/04/2009;28/06/2010;-21.06909;55.294127;650;RU100_80;0.8;80;NC;974003
15;DEL2-0-2-AAA-SM8116;0;R570;1.5;02/04/2009;28/06/2010;-21.06909;55.294127;650;RU100_80;0.8;80;NC;974003
15;DEL2-0-2-AAA-SP733108;0;R570;1.5;02/04/2009;28/06/2010;-21.06909;55.294127;650;RU100_80;0.8;80;NC;974003
15;DEL2-0-2-AAA-SP801842;0;R570;1.5;02/04/2009;28/06/2010;-21.06909;55.294127;650;RU100_80;0.8;80;NC;974003
15;DEL2-0-3-AAA-B37172;0;R570;1.5;02/04/2009;28/06/2010;-21.06909;55.294127;650;RU100_80;0.8;80;NC;974003
15;DEL2-0-3-AAA-CO312;0;R570;1.5;02/04/2009;28/06/2010;-21.06909;55.294127;650;RU100_80;0.8;80;NC;974003
15;DEL2-0-3-AAA-CP76331;0;R570;1.5;02/04/2009;28/06/2010;-21.06909;55.294127;650;RU100_80;0.8;80;NC;974003
15;DEL2-0-3-AAA-F152;0;R570;1.5;02/04/2009;28/06/2010;-21.06909;55.294127;650;RU100_80;0.8;80;NC;974003
15;DEL2-0-3-AAA-F160;0;R570;1.5;02/04/2009;28/06/2010;-21.06909;55.294127;650;RU100_80;0.8;80;NC;974003
15;DEL2-0-3-AAA-H564848;0;R570;1.5;02/04/2009;28/06/2010;-21.06909;55.294127;650;RU100_80;0.8;80;NC;974003
15;DEL2-0-3-AAA-LF669657;0;R570;1.5;02/04/2009;28/06/2010;-21.06909;55.294127;650;RU100_80;0.8;80;NC;974003
15;DEL2-0-3-AAA-M37664;0;R570;1.5;02/04/2009;28/06/2010;-21.06909;55.294127;650;RU100_80;0.8;80;NC;974003
15;DEL2-0-3-AAA-MEX68200;0;R570;1.5;02/04/2009;28/06/2010;-21.06909;55.294127;650;RU100_80;0.8;80;NC;974003
15;DEL2-0-3-AAA-NCO376;0;R570;1.5;02/04/2009;28/06/2010;-21.06909;55.294127;650;RU100_80;0.8;80;NC;974003
15;DEL2-0-3-AAA-NIF5;0;R570;1.5;02/04/2009;28/06/2010;-21.06909;55.294127;650;RU100_80;0.8;80;NC;974003
15;DEL2-0-3-AAA-Q110;0;R570;1.5;02/04/2009;28/06/2010;-21.06909;55.294127;650;RU100_80;0.8;80;NC;974003
15;DEL2-0-3-AAA-R570;0;R570;1.5;02/04/2009;28/06/2010;-21.06909;55.294127;650;RU100_80;0.8;80;NC;974003
15;DEL2-0-3-AAA-R573;0;R570;1.5;02/04/2009;28/06/2010;-21.06909;55.294127;650;RU100_80;0.8;80;NC;974003
15;DEL2-0-3-AAA-R579;0;R570;1.5;02/04/2009;28/06/2010;-21.06909;55.294127;650;RU100_80;0.8;80;NC;974003
15;DEL2-0-3-AAA-R83288;0;R570;1.5;02/04/2009;28/06/2010;-21.06909;55.294127;650;RU100_80;0.8;80;NC;974003
15;DEL2-0-3-AAA-R932022;0;R570;1.5;02/04/2009;28/06/2010;-21.06909;55.294127;650;RU100_80;0.8;80;NC;974003
15;DEL2-0-3-AAA-SM8116;0;R570;1.5;02/04/2009;28/06/2010;-21.06909;55.294127;650;RU100_80;0.8;80;NC;974003
15;DEL2-0-3-AAA-SP733108;0;R570;1.5;02/04/2009;28/06/2010;-21.06909;55.294127;650;RU100_80;0.8;80;NC;974003
15;DEL2-0-3-AAA-SP801842;0;R570;1.5;02/04/2009;28/06/2010;-21.06909;55.294127;650;RU100_80;0.8;80;NC;974003
9;DSES-0-0-AAA-R570;0;R570;1.5;28/07/2008;02/11/2009;-21.163408;55.216847;20;RU100_80;0.5;80;DSES0;97404540
9;DSES-0-0-AAA-R579;0;R570;1.5;28/07/2008;02/11/2009;-21.163408;55.216847;20;RU100_80;0.5;80;DSES0;97404540
9;DSES-0-0-AAA-R585;0;R570;1.5;28/07/2008;02/11/2009;-21.163408;55.216847;20;RU100_80;0.5;80;DSES0;97404540
9;DSES-1-0-AAA-R570;1;R570;1.5;02/11/2009;30/11/2010;-21.163408;55.216847;20;RU100_80;0.5;80;DSES1;97404540
9;DSES-1-0-AAA-R579;1;R570;1.5;02/11/2009;30/11/2010;-21.163408;55.216847;20;RU100_80;0.5;80;DSES1;97404540
9;DSES-1-0-AAA-R585;1;R570;1.5;02/11/2009;30/11/2010;-21.163408;55.216847;20;RU100_80;0.5;80;DSES1;97404540
9;DSLM-0-0-AAA-R570;0;R570;1.5;22/04/2008;29/10/2009;-20.903533;55.532001;70;RU100_80;0.5;80;DSLM0;97418123
9;DSLM-0-0-AAA-R579;0;R570;1.5;22/04/2008;29/10/2009;-20.903533;55.532001;70;RU100_80;0.5;80;DSLM0;97418123
9;DSLM-0-0-AAA-R585;0;R570;1.5;22/04/2008;29/10/2009;-20.903533;55.532001;70;RU100_80;0.5;80;DSLM0;97418123
9;DSLM-1-0-AAA-R570;1;R570;1.5;29/10/2009;30/11/2010;-20.903533;55.532001;70;RU100_80;0.5;80;DSLM1;97418123
9;DSLM-1-0-AAA-R579;1;R570;1.5;29/10/2009;30/11/2010;-20.903533;55.532001;70;RU100_80;0.5;80;DSLM1;97418123
9;DSLM-1-0-AAA-R585;1;R570;1.5;29/10/2009;30/11/2010;-20.903533;55.532001;70;RU100_80;0.5;80;DSLM1;97418123
9;DSME-0-0-AAA-R570;0;R570;1.5;21/03/2008;23/10/2009;-20.960708;55.625726;400;RU100_80;0.5;80;RAINFED;103
9;DSME-0-0-AAA-R579;0;R570;1.5;21/03/2008;23/10/2009;-20.960708;55.625726;400;RU100_80;0.5;80;RAINFED;103
9;DSME-0-0-AAA-R585;0;R570;1.5;21/03/2008;23/10/2009;-20.960708;55.625726;400;RU100_80;0.5;80;RAINFED;103
9;DSME-1-0-AAA-R570;1;R570;1.5;23/10/2009;30/11/2010;-20.960708;55.625726;400;RU100_80;0.5;80;RAINFED;103
9;DSME-1-0-AAA-R579;1;R570;1.5;23/10/2009;30/11/2010;-20.960708;55.625726;400;RU100_80;0.5;80;RAINFED;103
9;DSME-1-0-AAA-R585;1;R570;1.5;23/10/2009;30/11/2010;-20.960708;55.625726;400;RU100_80;0.5;80;RAINFED;103
9;DSVB-0-0-AAA-R570;0;R570;1.5;27/01/2009;07/07/2010;-21.06909;55.294127;720;RU100_80;0.5;80;RAINFED;101
9;DSVB-0-0-AAA-R579;0;R570;1.5;27/01/2009;07/07/2010;-21.06909;55.294127;720;RU100_80;0.5;80;RAINFED;101
9;DSVB-0-0-AAA-R585;0;R570;1.5;27/01/2009;07/07/2010;-21.06909;55.294127;720;RU100_80;0.5;80;RAINFED;101
9;GGO1-0-0-IRI-B80;0;R570;1.5;20/10/2000;15/03/2002;-21;55;100;GODET;0.17;80;GPGOB80I01;97105
9;GGO1-0-0-IRI-B82;0;R570;1.5;20/10/2000;15/03/2002;-21;55;100;GODET;0.17;80;GPGOB82I01;97105
9;GGO1-0-0-IRI-R570;0;R570;1.5;20/10/2000;15/03/2002;-21;55;100;GODET;0.17;80;GPGO570I01;97105
9;GGO1-0-0-PLU-B80;0;R570;1.5;20/10/2000;03/03/2002;-21;55;100;GODET;0.17;80;NC;97105
9;GGO1-0-0-PLU-B82;0;R570;1.5;20/10/2000;03/03/2002;-21;55;100;GODET;0.17;80;NC;97105
9;GGO1-0-0-PLU-R570;0;R570;1.5;20/10/2000;03/03/2002;-21;55;100;GODET;0.17;80;NC;97105
9;GGO1-1-0-PLU-B80;1;R570;1.5;03/03/2002;26/04/2003;-21;55;100;GODET;0.17;80;NC;97105
9;GGO1-1-0-PLU-B82;1;R570;1.5;03/03/2002;26/04/2003;-21;55;100;GODET;0.17;80;NC;97105
9;GGO1-1-0-PLU-R570;1;R570;1.5;03/03/2002;26/04/2003;-21;55;100;GODET;0.17;80;NC;97105
9;GRA2-0-0-AAA-R579;0;R570;1.5;10/08/2011;15/07/2012;16.03;-61.34;100;RU200;0.9;100;RAINFED;97100
9;GRA2-1-0-A04-R579;1;R570;1.5;05/04/2012;24/11/2012;16.03;-61.34;100;RU200;0.9;100;RAINFED;97100
9;GRA2-1-0-A07-R579;1;R570;1.5;16/07/2012;26/06/2013;16.03;-61.34;100;RU200;0.9;100;RAINFED;97100
9;GRA6-0-0-AAA-BBZ92076;0;R570;1.5;17/10/2013;24/09/2014;16.38;-61.48;15;RU200;0.9;100;RAINFED;97100
9;GRA6-0-0-AAA-WI79460;0;R570;1.5;17/10/2013;24/09/2014;16.38;-61.48;15;RU200;0.9;100;RAINFED;97100
9;GRA6-0-0-AAA-WI81456;0;R570;1.5;17/10/2013;24/09/2014;16.38;-61.48;15;RU200;0.9;100;RAINFED;97100
9;GRAJ-0-0-AAA-BBZ92076;0;R570;1.5;23/06/2011;02/06/2012;16.03;-61.34;100;RU200;0.9;100;RAINFED;97100
9;GRAJ-1-0-AAA-BBZ92076;1;R570;1.5;05/06/2012;05/06/2013;16.03;-61.34;100;RU200;0.9;100;RAINFED;97100
9;GRAN-0-0-AAA-BBZ92076;0;R570;1.5;15/11/2011;06/11/2012;16.03;-61.34;100;RU200;0.9;100;RAINFED;97100
9;GRAN-1-0-AAA-BBZ92076;1;R570;1.5;16/11/2012;05/11/2013;16.03;-61.34;100;RU200;0.9;100;RAINFED;97100
9;GRB1-0-0-AAA-R570;0;R570;1.5;01/12/2010;10/09/2011;16.164722;61.467222;100;RU100_100;0.5;100;RAINFED;97100
9;GRB1-0-0-AAA-R579;0;R570;1.5;01/12/2010;10/09/2011;16.164722;61.467222;100;RU100_100;0.5;100;RAINFED;97100
9;GRR1-0-0-AAA-BBZ92076;0;R570;1.5;17/07/2014;08/06/2015;16.11;-61.35;10;RU100_100;0.9;100;RAINFED;97101
9;GRR1-0-0-AAA-WI79460;0;R570;1.5;17/07/2014;08/06/2015;16.11;-61.35;10;RU100_100;0.9;100;RAINFED;97101
9;GRR1-0-0-AAA-WI79461;0;R570;1.5;17/07/2014;08/06/2015;16.11;-61.35;10;RU100_100;0.9;100;RAINFED;97101
9;GRR1-0-0-AAA-WI81456;0;R570;1.5;17/07/2014;08/06/2015;16.11;-61.35;10;RU100_100;0.9;100;RAINFED;97101
9;GRV3-0-0-AAA-R579;0;R570;1.5;20/12/2010;23/12/2011;16.03;-61.34;100;RU200;0.9;100;RAINFED;97100
9;GRV4-0-0-AAA-R579;0;R570;1.5;18/04/2011;04/04/2012;16.03;-61.34;100;RU200;0.9;100;RAINFED;97100
9;GRV4-0-0-AAA-WI79460;0;R570;1.5;18/04/2011;04/04/2012;16.03;-61.34;100;RU200;0.9;100;RAINFED;97100
9;GRV4-0-0-AAA-WI79461;0;R570;1.5;18/04/2011;04/04/2012;16.03;-61.34;100;RU200;0.9;100;RAINFED;97100
9;GRV4-0-0-AAA-WI81456;0;R570;1.5;18/04/2011;04/04/2012;16.03;-61.34;100;RU200;0.9;100;RAINFED;97100
9;GRV4-1-0-AAA-R579;1;R570;1.5;28/04/2012;10/05/2013;16.03;-61.34;100;RU200;0.9;100;RAINFED;97100
9;GRV4-1-0-AAA-WI79460;1;R570;1.5;28/04/2012;10/05/2013;16.03;-61.34;100;RU200;0.9;100;RAINFED;97100
9;GRV4-1-0-AAA-WI79461;1;R570;1.5;28/04/2012;10/05/2013;16.03;-61.34;100;RU200;0.9;100;RAINFED;97100
9;GRV4-1-0-AAA-WI81456;1;R570;1.5;28/04/2012;10/05/2013;16.03;-61.34;100;RU200;0.9;100;RAINFED;97100
9;GRV4-2-0-AAA-R579;2;R570;1.5;15/05/2013;08/05/2014;16.03;-61.34;100;RU200;0.9;100;RAINFED;97100
9;GRV4-2-0-AAA-WI79460;2;R570;1.5;15/05/2013;08/05/2014;16.03;-61.34;100;RU200;0.9;100;RAINFED;97100
9;GRV4-2-0-AAA-WI79461;2;R570;1.5;15/05/2013;08/05/2014;16.03;-61.34;100;RU200;0.9;100;RAINFED;97100
9;GRV4-2-0-AAA-WI81456;2;R570;1.5;15/05/2013;08/05/2014;16.03;-61.34;100;RU200;0.9;100;RAINFED;97100
9;GRV5-0-0-AAA-BBZ92076;0;R570;1.5;20/05/2011;03/05/2012;16.03;-61.34;100;RU200;0.9;100;RAINFED;97100
9;GRV5-0-0-AAA-R579;0;R570;1.5;20/05/2011;03/05/2012;16.03;-61.34;100;RU200;0.9;100;RAINFED;97100
9;GRV5-1-0-AAA-BBZ92076;1;R570;1.5;08/05/2012;15/05/2013;16.03;-61.34;100;RU200;0.9;100;RAINFED;97100
9;GRV5-2-0-AAA-BBZ92076;2;R570;1.5;22/05/2013;10/05/2014;16.03;-61.34;100;RU200;0.9;100;RAINFED;97100
9;GRV6-0-0-AAA-BBZ92076;0;R570;1.5;23/06/2013;05/09/2014;16.03;-61.34;100;RU200;0.9;100;RAINFED;97100
9;GRV6-0-0-AAA-WI79460;0;R570;1.5;23/06/2013;05/09/2014;16.03;-61.34;100;RU200;0.9;100;RAINFED;97100
9;GRV6-0-0-AAA-WI79461;0;R570;1.5;23/06/2013;05/09/2014;16.03;-61.34;100;RU200;0.9;100;RAINFED;97100
9;GRV6-0-0-AAA-WI81456;0;R570;1.5;23/06/2013;06/11/2014;16.03;-61.34;100;RU200;0.9;100;RAINFED;97100
9;GRV7-0-0-AAA-BBZ92076;0;R570;1.5;27/06/2013;29/09/2014;16.38;-61.48;15;RU200;0.9;100;RAINFED;97100
9;GRV7-0-0-AAA-WI79460;0;R570;1.5;27/06/2013;29/09/2014;16.38;-61.48;15;RU200;0.9;100;RAINFED;97100
9;GRV7-0-0-AAA-WI81456;0;R570;1.5;27/06/2013;29/09/2014;16.38;-61.48;15;RU200;0.9;100;RAINFED;97100
9;GRV8-0-0-AAA-BBZ92076;0;R570;1.5;28/02/2014;01/12/2014;16.03;-61.34;100;RU200;0.9;100;RAINFED;97100
9;GRV8-0-0-AAA-WI79460;0;R570;1.5;28/02/2014;01/12/2014;16.03;-61.34;100;RU200;0.9;100;RAINFED;97100
9;GRV8-0-0-AAA-WI79461;0;R570;1.5;28/02/2014;01/12/2014;16.03;-61.34;100;RU200;0.9;100;RAINFED;97100
9;GRV8-0-0-AAA-WI81456;0;R570;1.5;28/02/2014;01/12/2014;16.03;-61.34;100;RU200;0.9;100;RAINFED;97100
9;GSJ1-0-0-AAA-B80;0;R570;1.5;05/07/2000;31/05/2001;-21;55;100;STJEAN;0.5;80;GPSJB8001;97117
9;GSJ1-0-0-AAA-B82;0;R570;1.5;05/07/2000;31/05/2001;-21;55;100;STJEAN;0.5;80;GPSJB8201;97117
9;GSJ1-0-0-AAA-R570;0;R570;1.5;05/07/2000;31/05/2001;-21;55;100;STJEAN;0.5;80;GPSJ57001;97117
9;GSJ1-1-0-AAA-B80;1;R570;1.5;31/05/2001;22/05/2002;-21;55;100;STJEAN;0.5;80;NC;97117
9;GSJ1-1-0-AAA-B82;1;R570;1.5;31/05/2001;22/05/2002;-21;55;100;STJEAN;0.5;80;NC;97117
9;GSJ1-1-0-AAA-R570;1;R570;1.5;31/05/2001;22/05/2002;-21;55;100;STJEAN;0.5;80;NC;97117
9;HOUG-0-0-P01-HOCP96540;0;R570;1.8;08/08/2010;08/10/2011;29.6374;-90.8395;2;HOUMA;0.9;100;RAINFED;507
9;HOUG-0-0-P02-HOCP96540;0;R570;1.8;04/08/2011;08/09/2012;29.6374;-90.8395;2;HOUMA;0.9;100;RAINFED;507
9;INGG-0-0-N01-Q117;0;R570;1.47;23/07/1992;18/08/1993;-18.7;146.2;16;INGHAM;0.9;100;ING-0;504
9;INGG-0-0-N02-Q117;0;R570;1.47;23/07/1992;18/08/1993;-18.7;146.2;16;INGHAM;0.9;100;ING-0;504
9;INGG-0-0-N03-Q117;0;R570;1.47;23/07/1992;18/08/1993;-18.7;146.2;16;INGHAM;0.9;100;ING-0;504
9;INGG-1-0-N01-Q117;1;R570;1.47;19/08/1993;23/08/1994;-18.7;146.2;16;INGHAM;0.9;100;ING-1;504
9;INGG-1-0-N02-Q117;1;R570;1.47;19/08/1993;23/08/1994;-18.7;146.2;16;INGHAM;0.9;100;ING-1;504
9;INGG-1-0-N03-Q117;1;R570;1.47;19/08/1993;23/08/1994;-18.7;146.2;16;INGHAM;0.9;100;ING-1;504
9;KOMG-1-0-IR1-N25;1;R570;0.9;04/04/2002;04/02/2003;-25.6165;31.866;187;KOMATI;0.9;80;KOM-1;506
9;KOMG-1-0-IR2-N25;1;R570;0.9;04/04/2002;04/02/2003;-25.6165;31.866;187;KOMATI;0.9;80;KOM-2;506
9;KOMG-1-0-IR3-N25;1;R570;0.9;04/04/2002;04/02/2003;-25.6165;31.866;187;KOMATI;0.9;80;KOM-3;506
9;LAMG-1-0-SD1-NCO376;1;R570;1.2;01/06/1989;02/10/1990;-29.57;31.13;72;LAMERCY;0.9;100;RAINFED;505
9;LAMG-1-0-SD2-NCO376;1;R570;1.2;01/08/1989;05/10/1990;-29.57;31.13;72;LAMERCY;0.9;100;RAINFED;505
9;LAMG-1-0-SD3-NCO376;1;R570;1.2;01/10/1989;05/02/1991;-29.57;31.13;72;LAMERCY;0.9;100;RAINFED;505
9;LAMG-1-0-SD4-NCO376;1;R570;1.2;01/12/1989;03/04/1991;-29.57;31.13;72;LAMERCY;0.9;100;RAINFED;505
9;LAMG-1-0-SD5-NCO376;1;R570;1.2;01/02/1990;04/06/1991;-29.57;31.13;72;LAMERCY;0.9;100;RAINFED;505
9;LAMG-1-0-SD6-NCO376;1;R570;1.2;01/04/1990;31/07/1991;-29.57;31.13;72;LAMERCY;0.9;100;RAINFED;505
9;LAMG-1-0-SD7-NCO376;1;R570;1.2;01/06/1990;01/10/1991;-29.57;31.13;72;LAMERCY;0.9;100;RAINFED;505
9;LAMG-1-0-SD8-NCO376;1;R570;1.2;01/08/1990;03/12/1991;-29.57;31.13;72;LAMERCY;0.9;100;RAINFED;505
9;LBIR-1-0-IR1-R570;1;R570;1.5;17/12/2001;14/11/2002;-21;55;100;LBIR100;0.25;80;NC;97418123
9;LBIR-1-0-IR2-R570;1;R570;1.5;17/12/2001;14/11/2002;-21;55;100;LBIR100;0.25;80;NC;97418123
9;LBIR-1-0-IR3-R570;1;R570;1.5;17/12/2001;14/11/2002;-21;55;100;LBIR100;0.25;80;NC;97418123
9;LBIR-1-0-IR4-R570;1;R570;1.5;17/12/2001;14/11/2002;-21;55;100;LBIR100;0.25;80;NC;97418123
9;LBIR-3-0-IRI-R570;3;R570;1.5;22/11/2003;15/11/2004;-21;55;100;LBIR100;0.25;80;LBIIR04;97418123
9;LBIR-3-0-PLU-R570;3;R570;1.5;21/11/2003;15/11/2004;-21;55;100;LBIR100;0.25;80;RAINFED;97418123
9;LBIR-4-0-IRI-R570;4;R570;1.5;15/11/2004;25/09/2005;-21;55;100;LBIR100;0.25;80;LBIIR05;97418123
9;LBIR-4-0-PLU-R570;4;R570;1.5;15/11/2004;25/09/2005;-21;55;100;LBIR100;0.25;80;RAINFED;97418123
9;LBNV-1-0-N00-R570;1;R570;1.5;14/12/2001;09/09/2002;-21;55;100;RU100_80;0.25;80;NC;97418123
9;LBNV-1-0-N13-R570;1;R570;1.5;14/12/2001;18/09/2002;-21;55;100;RU100_80;0.25;80;NC;97418123
9;LBNV-1-0-N30-R570;1;R570;1.5;14/12/2001;30/09/2002;-21;55;100;RU100_80;0.25;80;NC;97418123
9;LBNV-2-0-N00-R570;2;R570;1.5;09/09/2002;18/09/2003;-21;55;100;RU100_80;0.25;80;NC;97418123
9;LBNV-2-0-N00-R572;2;R570;1.5;09/09/2002;18/09/2003;-21;55;100;RU100_80;0.25;80;NC;97418123
9;LBNV-2-0-N00-R573;2;R570;1.5;09/09/2002;18/09/2003;-21;55;100;RU100_80;0.25;80;NC;97418123
9;LBNV-2-0-N00-R575;2;R570;1.5;09/09/2002;18/09/2003;-21;55;100;RU100_80;0.25;80;NC;97418123
9;LBNV-2-0-N00-R577;2;R570;1.5;09/09/2002;18/09/2003;-21;55;100;RU100_80;0.25;80;NC;97418123
9;LBNV-2-0-N00-R579;2;R570;1.5;09/09/2002;18/09/2003;-21;55;100;RU100_80;0.25;80;NC;97418123
9;LBNV-2-0-N13-R570;2;R570;1.5;18/09/2002;18/09/2003;-21;55;100;RU100_80;0.25;80;NC;97418123
9;LBNV-2-0-N13-R572;2;R570;1.5;18/09/2002;18/09/2003;-21;55;100;RU100_80;0.25;80;NC;97418123
9;LBNV-2-0-N13-R573;2;R570;1.5;18/09/2002;18/09/2003;-21;55;100;RU100_80;0.25;80;NC;97418123
9;LBNV-2-0-N13-R575;2;R570;1.5;18/09/2002;18/09/2003;-21;55;100;RU100_80;0.25;80;NC;97418123
9;LBNV-2-0-N13-R577;2;R570;1.5;18/09/2002;18/09/2003;-21;55;100;RU100_80;0.25;80;NC;97418123
9;LBNV-2-0-N13-R579;2;R570;1.5;18/09/2002;18/09/2003;-21;55;100;RU100_80;0.25;80;NC;97418123
9;LBNV-2-0-N30-R570;2;R570;1.5;30/09/2002;18/09/2003;-21;55;100;RU100_80;0.25;80;NC;97418123
9;LBNV-2-0-N30-R572;2;R570;1.5;30/09/2002;18/09/2003;-21;55;100;RU100_80;0.25;80;NC;97418123
9;LBNV-2-0-N30-R573;2;R570;1.5;30/09/2002;18/09/2003;-21;55;100;RU100_80;0.25;80;NC;97418123
9;LBNV-2-0-N30-R575;2;R570;1.5;30/09/2002;18/09/2003;-21;55;100;RU100_80;0.25;80;NC;97418123
9;LBNV-2-0-N30-R577;2;R570;1.5;30/09/2002;18/09/2003;-21;55;100;RU100_80;0.25;80;NC;97418123
9;LBNV-2-0-N30-R579;2;R570;1.5;30/09/2002;18/09/2003;-21;55;100;RU100_80;0.25;80;NC;97418123
9;LBNV-4-0-N13-R570;4;R570;1.5;14/09/2004;10/10/2005;-21;55;100;RU100_80;0.25;80;NC;97418123
9;LBNV-4-0-N13-R575;4;R570;1.5;14/09/2004;10/10/2005;-21;55;100;RU100_80;0.25;80;NC;97418123
9;LBNV-4-0-N13-R577;4;R570;1.5;14/09/2004;10/10/2005;-21;55;100;RU100_80;0.25;80;NC;97418123
9;LBNV-4-0-N13-R579;4;R570;1.5;14/09/2004;10/10/2005;-21;55;100;RU100_80;0.25;80;NC;97418123
9;LINV-0-0-I00-R570;0;R570;1.5;23/04/2003;15/07/2004;-20.903533;55.532001;70;RU100_80;0.5;80;INV.0;97418123
9;LINV-0-0-I00-R575;0;R570;1.5;23/04/2003;15/07/2004;-20.903533;55.532001;70;RU100_80;0.5;80;INV.0;97418123
9;LINV-0-0-I00-R579;0;R570;1.5;23/04/2003;15/07/2004;-20.903533;55.532001;70;RU100_80;0.5;80;INV.0;97418123
9;LINV-0-0-I06-R570;0;R570;1.5;23/04/2003;15/07/2004;-20.903533;55.532001;70;RU100_80;0.5;80;INV.0;97418123
9;LINV-0-0-I06-R575;0;R570;1.5;23/04/2003;15/07/2004;-20.903533;55.532001;70;RU100_80;0.5;80;INV.0;97418123
9;LINV-0-0-I06-R579;0;R570;1.5;23/04/2003;15/07/2004;-20.903533;55.532001;70;RU100_80;0.5;80;INV.0;97418123
9;LINV-0-0-I13-R570;0;R570;1.5;23/04/2003;15/07/2004;-20.903533;55.532001;70;RU100_80;0.5;80;INV.0;97418123
9;LINV-0-0-I13-R575;0;R570;1.5;23/04/2003;15/07/2004;-20.903533;55.532001;70;RU100_80;0.5;80;INV.0;97418123
9;LINV-0-0-I13-R579;0;R570;1.5;23/04/2003;15/07/2004;-20.903533;55.532001;70;RU100_80;0.5;80;INV.0;97418123
9;LINV-0-0-P00-R570;0;R570;1.5;23/04/2003;15/07/2004;-20.903533;55.532001;70;RU100_80;0.5;80;RAINFED;97418123
9;LINV-0-0-P00-R575;0;R570;1.5;23/04/2003;15/07/2004;-20.903533;55.532001;70;RU100_80;0.5;80;RAINFED;97418123
9;LINV-0-0-P00-R579;0;R570;1.5;23/04/2003;15/07/2004;-20.903533;55.532001;70;RU100_80;0.5;80;RAINFED;97418123
9;LINV-0-0-P06-R570;0;R570;1.5;23/04/2003;15/07/2004;-20.903533;55.532001;70;RU100_80;0.5;80;RAINFED;97418123
9;LINV-0-0-P06-R575;0;R570;1.5;23/04/2003;15/07/2004;-20.903533;55.532001;70;RU100_80;0.5;80;RAINFED;97418123
9;LINV-0-0-P06-R579;0;R570;1.5;23/04/2003;15/07/2004;-20.903533;55.532001;70;RU100_80;0.5;80;RAINFED;97418123
9;LINV-0-0-P13-R570;0;R570;1.5;23/04/2003;15/07/2004;-20.903533;55.532001;70;RU100_80;0.5;80;RAINFED;97418123
9;LINV-0-0-P13-R575;0;R570;1.5;23/04/2003;15/07/2004;-20.903533;55.532001;70;RU100_80;0.5;80;RAINFED;97418123
9;LINV-0-0-P13-R579;0;R570;1.5;23/04/2003;15/07/2004;-20.903533;55.532001;70;RU100_80;0.5;80;RAINFED;97418123
9;LINV-1-0-I13-R570;1;R570;1.5;15/07/2004;25/09/2005;-20.903533;55.532001;70;RU100_80;0.4;80;INV.1;97418123
9;LINV-1-0-P13-R570;1;R570;1.5;15/07/2004;25/09/2005;-20.903533;55.532001;70;RU100_80;0.4;80;RAINFED;97418123
9;LINV-3-0-I13-R570;3;R570;1.5;09/10/2006;24/09/2007;-20.903533;55.532001;70;RU100_80;0.4;80;INV.3;97418123
9;LINV-3-0-P13-R570;3;R570;1.5;09/10/2006;24/09/2007;-20.903533;55.532001;70;RU100_80;0.4;80;RAINFED;97418123
9;LSE1-1-0-AAA-R570;1;R570;1.5;04/08/1994;08/08/1995;-21;55;100;LPSE;0.8;80;SE1-1;97416465
9;MCT0-3-0-R11-CP70321;3;R570;1.5;20/03/2003;22/03/2004;38.8;9;9;mact03mono;0.999;80;MACT03R1C104;1030
9;MCT0-3-0-R12-CP70321;3;R570;1.5;04/07/2003;13/07/2004;38.8;9;9;mact03mono;0.42;80;MACT03R1C204;1030
9;MCT0-3-0-R21-CP70321;3;R570;1.5;20/03/2003;22/03/2004;38.8;9;9;mact03mono;0.999;80;MACT03R2C104;1030
9;MCT0-3-0-R22-CP70321;3;R570;1.5;04/07/2003;13/07/2004;38.8;9;9;mact03mono;0.42;80;MACT03R2C204;1030
9;MREG-1-0-IR1-CP70321;1;R570;1.5;02/02/2005;25/04/2006;38.8;9;9;mactAB20mono;0.8;100;MA06REG1;1030
9;MREG-1-0-IR2-CP70321;1;R570;1.5;02/02/2005;25/04/2006;38.8;9;9;mactAB20mono;0.8;100;MA06REG2;1030
9;MREG-1-0-IR3-CP70321;1;R570;1.5;02/02/2005;25/04/2006;38.8;9;9;mactAB20mono;0.8;100;MA06REG3;1030
9;MREG-1-0-IR4-CP70321;1;R570;1.5;02/02/2005;25/04/2006;38.8;9;9;mactAB20mono;0.8;100;MA06REG4;1030
9;MREG-1-0-IR5-CP70321;1;R570;1.5;02/02/2005;25/04/2006;38.8;9;9;mactAB20mono;0.8;100;MA06REG5;1030
9;MREG-2-0-IR1-CP70321;2;R570;1.5;03/06/2006;20/06/2007;38.8;9;9;mactAB20mono;0.8;100;MA07REG1;1030
9;MREG-2-0-IR2-CP70321;2;R570;1.5;03/06/2006;20/06/2007;38.8;9;9;mactAB20mono;0.8;100;MA07REG2;1030
9;MREG-2-0-IR3-CP70321;2;R570;1.5;03/06/2006;20/06/2007;38.8;9;9;mactAB20mono;0.8;100;MA07REG3;1030
9;MREG-2-0-IR4-CP70321;2;R570;1.5;03/06/2006;20/06/2007;38.8;9;9;mactAB20mono;0.8;100;MA07REG4;1030
9;MREG-2-0-IR5-CP70321;2;R570;1.5;03/06/2006;20/06/2007;38.8;9;9;mactAB20mono;0.8;100;MA07REG5;1030
9;MSTR-1-0-ST1-CP70321;1;R570;1.5;02/02/2005;02/05/2006;38.8;9;9;mactAB20mono;0.8;100;MA06STRESS1;1030
9;MSTR-1-0-ST2-CP70321;1;R570;1.5;02/02/2005;02/05/2006;38.8;9;9;mactAB20mono;0.8;100;MA06STRESS2;1030
9;MSTR-1-0-ST3-CP70321;1;R570;1.5;02/02/2005;02/05/2006;38.8;9;9;mactAB20mono;0.8;100;MA06STRESS3;1030
9;MSTR-2-0-ST1-CP70321;2;R570;1.5;05/06/2006;20/06/2007;38.8;9;9;mactAB20mono;0.8;100;MA07STRESS1;1030
9;MSTR-2-0-ST2-CP70321;2;R570;1.5;05/06/2006;20/06/2007;38.8;9;9;mactAB20mono;0.8;100;MA07STRESS2;1030
9;MSTR-2-0-ST3-CP70321;2;R570;1.5;05/06/2006;20/06/2007;38.8;9;9;mactAB20mono;0.8;100;MA07STRESS3;1030
9;NAYA-0-0-IRI-R570;0;R570;1.5;03/04/1986;06/08/1987;-21;55;100;BVI;0.25;80;BVIT687;1001
9;NAYA-0-0-PLU-R570;0;R570;1.5;03/04/1986;06/08/1987;-21;55;100;BVI;0.25;80;RAINFED;1001
9;NAYA-1-0-IRI-R570;1;R570;1.5;06/08/1987;28/08/1988;-21;55;100;BVI;0.25;80;BVIT688;1001
9;NAYA-1-0-PLU-R570;1;R570;1.5;06/08/1987;28/08/1988;-21;55;100;BVI;0.25;80;RAINFED;1001
9;NAYA-2-0-IRI-R570;2;R570;1.5;28/08/1988;28/08/1989;-21;55;100;BVI;0.25;80;BVIT689;1001
9;NAYA-2-0-PLU-R570;2;R570;1.5;28/08/1988;28/08/1989;-21;55;100;BVI;0.25;80;RAINFED;1001
9;PIRG-0-0-IRR-RB72454;0;R570;1.4;29/10/2004;25/09/2005;-22.88;-47.5;560;PIRACI;0.9;100;PIRA-0;503
9;PIRG-0-0-PLU-RB72454;0;R570;1.4;29/10/2004;25/09/2005;-22.88;-47.5;560;PIRACI;0.9;100;RAINFED;503
9;SCSG-0-0-RS1-CR74250;0;R570;1.5;07/10/2009;19/11/2010;-2.2088;-79.433;44;SANCARLOS;0.9;100;SCS-0;502
9;SCSG-0-0-RS2-CR74250;0;R570;1.65;07/10/2009;19/11/2010;-2.2088;-79.433;44;SANCARLOS;0.9;100;SCS-0;502
9;SCSG-0-0-RS3-CR74250;0;R570;1.8;07/10/2009;19/11/2010;-2.2088;-79.433;44;SANCARLOS;0.9;100;SCS-0;502
9;SCSG-0-0-RS4-CR74250;0;R570;0.9;07/10/2009;19/11/2010;-2.2088;-79.433;44;SANCARLOS;0.9;100;SCS-0;502
12;SYP1-0-0-AAA-R109001;0;R570;1.5;26/06/2013;12/09/2014;-20.903533;55.532001;70;RU100_80;0.8;80;SYP10;97418123
12;SYP1-0-0-AAA-R109003;0;R570;1.5;26/06/2013;12/09/2014;-20.903533;55.532001;70;RU100_80;0.8;80;SYP10;97418123
12;SYP1-0-0-AAA-R109005;0;R570;1.5;26/06/2013;12/09/2014;-20.903533;55.532001;70;RU100_80;0.8;80;SYP10;97418123
12;SYP1-0-0-AAA-R109901;0;R570;1.5;26/06/2013;12/09/2014;-20.903533;55.532001;70;RU100_80;0.8;80;SYP10;97418123
12;SYP1-0-0-AAA-R109902;0;R570;1.5;26/06/2013;12/09/2014;-20.903533;55.532001;70;RU100_80;0.8;80;SYP10;97418123
12;SYP1-0-0-AAA-R109903;0;R570;1.5;26/06/2013;12/09/2014;-20.903533;55.532001;70;RU100_80;0.8;80;SYP10;97418123
12;SYP1-0-0-AAA-R109904;0;R570;1.5;26/06/2013;12/09/2014;-20.903533;55.532001;70;RU100_80;0.8;80;SYP10;97418123
12;SYP1-0-0-AAA-R109905;0;R570;1.5;26/06/2013;12/09/2014;-20.903533;55.532001;70;RU100_80;0.8;80;SYP10;97418123
12;SYP1-0-0-AAA-R109906;0;R570;1.5;26/06/2013;12/09/2014;-20.903533;55.532001;70;RU100_80;0.8;80;SYP10;97418123
12;SYP1-0-0-AAA-R109907;0;R570;1.5;26/06/2013;12/09/2014;-20.903533;55.532001;70;RU100_80;0.8;80;SYP10;97418123
12;SYP1-0-0-AAA-R109908;0;R570;1.5;26/06/2013;12/09/2014;-20.903533;55.532001;70;RU100_80;0.8;80;SYP10;97418123
12;SYP1-0-0-AAA-R109909;0;R570;1.5;26/06/2013;12/09/2014;-20.903533;55.532001;70;RU100_80;0.8;80;SYP10;97418123
12;SYP1-0-0-AAA-R570;0;R570;1.5;26/06/2013;12/09/2014;-20.903533;55.532001;70;RU100_80;0.8;80;SYP10;97418123
12;SYP1-0-0-AAA-R585;0;R570;1.5;26/06/2013;12/09/2014;-20.903533;55.532001;70;RU100_80;0.8;80;SYP10;97418123
12;SYP1-0-0-AAA-WI78402;0;R570;1.5;26/06/2013;12/09/2014;-20.903533;55.532001;70;RU100_80;0.8;80;SYP10;97418123
12;SYP1-0-0-AAA-WI79460;0;R570;1.5;26/06/2013;12/09/2014;-20.903533;55.532001;70;RU100_80;0.8;80;SYP10;97418123
12;SYP1-0-0-AAA-WI79461;0;R570;1.5;26/06/2013;12/09/2014;-20.903533;55.532001;70;RU100_80;0.8;80;SYP10;97418123
12;SYP1-0-0-AAA-WI80542;0;R570;1.5;26/06/2013;12/09/2014;-20.903533;55.532001;70;RU100_80;0.8;80;SYP10;97418123
12;SYP1-0-0-AAA-WI81456;0;R570;1.5;26/06/2013;12/09/2014;-20.903533;55.532001;70;RU100_80;0.8;80;SYP10;97418123
12;SYP1-0-0-AAA-WI8615;0;R570;1.5;26/06/2013;12/09/2014;-20.903533;55.532001;70;RU100_80;0.8;80;SYP10;97418123
12;SYP1-0-1-AAA-R109001;0;R570;1.5;26/06/2013;12/09/2014;-20.903533;55.532001;70;RU100_80;0.8;80;SYP10;97418123
12;SYP1-0-1-AAA-R109003;0;R570;1.5;26/06/2013;12/09/2014;-20.903533;55.532001;70;RU100_80;0.8;80;SYP10;97418123
12;SYP1-0-1-AAA-R109005;0;R570;1.5;26/06/2013;12/09/2014;-20.903533;55.532001;70;RU100_80;0.8;80;SYP10;97418123
12;SYP1-0-1-AAA-R109901;0;R570;1.5;26/06/2013;12/09/2014;-20.903533;55.532001;70;RU100_80;0.8;80;SYP10;97418123
12;SYP1-0-1-AAA-R109902;0;R570;1.5;26/06/2013;12/09/2014;-20.903533;55.532001;70;RU100_80;0.8;80;SYP10;97418123
12;SYP1-0-1-AAA-R109903;0;R570;1.5;26/06/2013;12/09/2014;-20.903533;55.532001;70;RU100_80;0.8;80;SYP10;97418123
12;SYP1-0-1-AAA-R109904;0;R570;1.5;26/06/2013;12/09/2014;-20.903533;55.532001;70;RU100_80;0.8;80;SYP10;97418123
12;SYP1-0-1-AAA-R109905;0;R570;1.5;26/06/2013;12/09/2014;-20.903533;55.532001;70;RU100_80;0.8;80;SYP10;97418123
12;SYP1-0-1-AAA-R109906;0;R570;1.5;26/06/2013;12/09/2014;-20.903533;55.532001;70;RU100_80;0.8;80;SYP10;97418123
12;SYP1-0-1-AAA-R109907;0;R570;1.5;26/06/2013;12/09/2014;-20.903533;55.532001;70;RU100_80;0.8;80;SYP10;97418123
12;SYP1-0-1-AAA-R109908;0;R570;1.5;26/06/2013;12/09/2014;-20.903533;55.532001;70;RU100_80;0.8;80;SYP10;97418123
12;SYP1-0-1-AAA-R109909;0;R570;1.5;26/06/2013;12/09/2014;-20.903533;55.532001;70;RU100_80;0.8;80;SYP10;97418123
12;SYP1-0-1-AAA-R570;0;R570;1.5;26/06/2013;12/09/2014;-20.903533;55.532001;70;RU100_80;0.8;80;SYP10;97418123
12;SYP1-0-1-AAA-R585;0;R570;1.5;26/06/2013;12/09/2014;-20.903533;55.532001;70;RU100_80;0.8;80;SYP10;97418123
12;SYP1-0-1-AAA-WI78402;0;R570;1.5;26/06/2013;12/09/2014;-20.903533;55.532001;70;RU100_80;0.8;80;SYP10;97418123
12;SYP1-0-1-AAA-WI79460;0;R570;1.5;26/06/2013;12/09/2014;-20.903533;55.532001;70;RU100_80;0.8;80;SYP10;97418123
12;SYP1-0-1-AAA-WI79461;0;R570;1.5;26/06/2013;12/09/2014;-20.903533;55.532001;70;RU100_80;0.8;80;SYP10;97418123
12;SYP1-0-1-AAA-WI80542;0;R570;1.5;26/06/2013;12/09/2014;-20.903533;55.532001;70;RU100_80;0.8;80;SYP10;97418123
12;SYP1-0-1-AAA-WI81456;0;R570;1.5;26/06/2013;12/09/2014;-20.903533;55.532001;70;RU100_80;0.8;80;SYP10;97418123
12;SYP1-0-1-AAA-WI8615;0;R570;1.5;26/06/2013;12/09/2014;-20.903533;55.532001;70;RU100_80;0.8;80;SYP10;97418123
12;SYP1-0-2-AAA-R109001;0;R570;1.5;26/06/2013;12/09/2014;-20.903533;55.532001;70;RU100_80;0.8;80;SYP10;97418123
12;SYP1-0-2-AAA-R109003;0;R570;1.5;26/06/2013;12/09/2014;-20.903533;55.532001;70;RU100_80;0.8;80;SYP10;97418123
12;SYP1-0-2-AAA-R109005;0;R570;1.5;26/06/2013;12/09/2014;-20.903533;55.532001;70;RU100_80;0.8;80;SYP10;97418123
12;SYP1-0-2-AAA-R109901;0;R570;1.5;26/06/2013;12/09/2014;-20.903533;55.532001;70;RU100_80;0.8;80;SYP10;97418123
12;SYP1-0-2-AAA-R109902;0;R570;1.5;26/06/2013;12/09/2014;-20.903533;55.532001;70;RU100_80;0.8;80;SYP10;97418123
12;SYP1-0-2-AAA-R109903;0;R570;1.5;26/06/2013;12/09/2014;-20.903533;55.532001;70;RU100_80;0.8;80;SYP10;97418123
12;SYP1-0-2-AAA-R109904;0;R570;1.5;26/06/2013;12/09/2014;-20.903533;55.532001;70;RU100_80;0.8;80;SYP10;97418123
12;SYP1-0-2-AAA-R109905;0;R570;1.5;26/06/2013;12/09/2014;-20.903533;55.532001;70;RU100_80;0.8;80;SYP10;97418123
12;SYP1-0-2-AAA-R109906;0;R570;1.5;26/06/2013;12/09/2014;-20.903533;55.532001;70;RU100_80;0.8;80;SYP10;97418123
12;SYP1-0-2-AAA-R109907;0;R570;1.5;26/06/2013;12/09/2014;-20.903533;55.532001;70;RU100_80;0.8;80;SYP10;97418123
12;SYP1-0-2-AAA-R109908;0;R570;1.5;26/06/2013;12/09/2014;-20.903533;55.532001;70;RU100_80;0.8;80;SYP10;97418123
12;SYP1-0-2-AAA-R109909;0;R570;1.5;26/06/2013;12/09/2014;-20.903533;55.532001;70;RU100_80;0.8;80;SYP10;97418123
12;SYP1-0-2-AAA-R570;0;R570;1.5;26/06/2013;12/09/2014;-20.903533;55.532001;70;RU100_80;0.8;80;SYP10;97418123
12;SYP1-0-2-AAA-R585;0;R570;1.5;26/06/2013;12/09/2014;-20.903533;55.532001;70;RU100_80;0.8;80;SYP10;97418123
12;SYP1-0-2-AAA-WI78402;0;R570;1.5;26/06/2013;12/09/2014;-20.903533;55.532001;70;RU100_80;0.8;80;SYP10;97418123
12;SYP1-0-2-AAA-WI79460;0;R570;1.5;26/06/2013;12/09/2014;-20.903533;55.532001;70;RU100_80;0.8;80;SYP10;97418123
12;SYP1-0-2-AAA-WI79461;0;R570;1.5;26/06/2013;12/09/2014;-20.903533;55.532001;70;RU100_80;0.8;80;SYP10;97418123
12;SYP1-0-2-AAA-WI80542;0;R570;1.5;26/06/2013;12/09/2014;-20.903533;55.532001;70;RU100_80;0.8;80;SYP10;97418123
12;SYP1-0-2-AAA-WI81456;0;R570;1.5;26/06/2013;12/09/2014;-20.903533;55.532001;70;RU100_80;0.8;80;SYP10;97418123
12;SYP1-0-2-AAA-WI8615;0;R570;1.5;26/06/2013;12/09/2014;-20.903533;55.532001;70;RU100_80;0.8;80;SYP10;97418123
12;SYP1-0-3-AAA-R109001;0;R570;1.5;26/06/2013;12/09/2014;-20.903533;55.532001;70;RU100_80;0.8;80;SYP10;97418123
12;SYP1-0-3-AAA-R109003;0;R570;1.5;26/06/2013;12/09/2014;-20.903533;55.532001;70;RU100_80;0.8;80;SYP10;97418123
12;SYP1-0-3-AAA-R109005;0;R570;1.5;26/06/2013;12/09/2014;-20.903533;55.532001;70;RU100_80;0.8;80;SYP10;97418123
12;SYP1-0-3-AAA-R109901;0;R570;1.5;26/06/2013;12/09/2014;-20.903533;55.532001;70;RU100_80;0.8;80;SYP10;97418123
12;SYP1-0-3-AAA-R109902;0;R570;1.5;26/06/2013;12/09/2014;-20.903533;55.532001;70;RU100_80;0.8;80;SYP10;97418123
12;SYP1-0-3-AAA-R109903;0;R570;1.5;26/06/2013;12/09/2014;-20.903533;55.532001;70;RU100_80;0.8;80;SYP10;97418123
12;SYP1-0-3-AAA-R109904;0;R570;1.5;26/06/2013;12/09/2014;-20.903533;55.532001;70;RU100_80;0.8;80;SYP10;97418123
12;SYP1-0-3-AAA-R109905;0;R570;1.5;26/06/2013;12/09/2014;-20.903533;55.532001;70;RU100_80;0.8;80;SYP10;97418123
12;SYP1-0-3-AAA-R109906;0;R570;1.5;26/06/2013;12/09/2014;-20.903533;55.532001;70;RU100_80;0.8;80;SYP10;97418123
12;SYP1-0-3-AAA-R109907;0;R570;1.5;26/06/2013;12/09/2014;-20.903533;55.532001;70;RU100_80;0.8;80;SYP10;97418123
12;SYP1-0-3-AAA-R109908;0;R570;1.5;26/06/2013;12/09/2014;-20.903533;55.532001;70;RU100_80;0.8;80;SYP10;97418123
12;SYP1-0-3-AAA-R109909;0;R570;1.5;26/06/2013;12/09/2014;-20.903533;55.532001;70;RU100_80;0.8;80;SYP10;97418123
12;SYP1-0-3-AAA-R570;0;R570;1.5;26/06/2013;12/09/2014;-20.903533;55.532001;70;RU100_80;0.8;80;SYP10;97418123
12;SYP1-0-3-AAA-R585;0;R570;1.5;26/06/2013;12/09/2014;-20.903533;55.532001;70;RU100_80;0.8;80;SYP10;97418123
12;SYP1-0-3-AAA-WI78402;0;R570;1.5;26/06/2013;12/09/2014;-20.903533;55.532001;70;RU100_80;0.8;80;SYP10;97418123
12;SYP1-0-3-AAA-WI79460;0;R570;1.5;26/06/2013;12/09/2014;-20.903533;55.532001;70;RU100_80;0.8;80;SYP10;97418123
12;SYP1-0-3-AAA-WI79461;0;R570;1.5;26/06/2013;12/09/2014;-20.903533;55.532001;70;RU100_80;0.8;80;SYP10;97418123
12;SYP1-0-3-AAA-WI80542;0;R570;1.5;26/06/2013;12/09/2014;-20.903533;55.532001;70;RU100_80;0.8;80;SYP10;97418123
12;SYP1-0-3-AAA-WI81456;0;R570;1.5;26/06/2013;12/09/2014;-20.903533;55.532001;70;RU100_80;0.8;80;SYP10;97418123
12;SYP1-0-3-AAA-WI8615;0;R570;1.5;26/06/2013;12/09/2014;-20.903533;55.532001;70;RU100_80;0.8;80;SYP10;97418123
12;SYP1-1-0-AAA-R109001;1;R570;1.5;12/09/2014;14/09/2015;-20.903533;55.532001;70;RU100_80;0.8;80;SYP11;97418123
12;SYP1-1-0-AAA-R109003;1;R570;1.5;12/09/2014;14/09/2015;-20.903533;55.532001;70;RU100_80;0.8;80;SYP11;97418123
12;SYP1-1-0-AAA-R109005;1;R570;1.5;12/09/2014;14/09/2015;-20.903533;55.532001;70;RU100_80;0.8;80;SYP11;97418123
12;SYP1-1-0-AAA-R109901;1;R570;1.5;12/09/2014;14/09/2015;-20.903533;55.532001;70;RU100_80;0.8;80;SYP11;97418123
12;SYP1-1-0-AAA-R109902;1;R570;1.5;12/09/2014;14/09/2015;-20.903533;55.532001;70;RU100_80;0.8;80;SYP11;97418123
12;SYP1-1-0-AAA-R109903;1;R570;1.5;12/09/2014;14/09/2015;-20.903533;55.532001;70;RU100_80;0.8;80;SYP11;97418123
12;SYP1-1-0-AAA-R109904;1;R570;1.5;12/09/2014;14/09/2015;-20.903533;55.532001;70;RU100_80;0.8;80;SYP11;97418123
12;SYP1-1-0-AAA-R109905;1;R570;1.5;12/09/2014;14/09/2015;-20.903533;55.532001;70;RU100_80;0.8;80;SYP11;97418123
12;SYP1-1-0-AAA-R109906;1;R570;1.5;12/09/2014;14/09/2015;-20.903533;55.532001;70;RU100_80;0.8;80;SYP11;97418123
12;SYP1-1-0-AAA-R109907;1;R570;1.5;12/09/2014;14/09/2015;-20.903533;55.532001;70;RU100_80;0.8;80;SYP11;97418123
12;SYP1-1-0-AAA-R109908;1;R570;1.5;12/09/2014;14/09/2015;-20.903533;55.532001;70;RU100_80;0.8;80;SYP11;97418123
12;SYP1-1-0-AAA-R109909;1;R570;1.5;12/09/2014;14/09/2015;-20.903533;55.532001;70;RU100_80;0.8;80;SYP11;97418123
12;SYP1-1-0-AAA-R570;1;R570;1.5;12/09/2014;14/09/2015;-20.903533;55.532001;70;RU100_80;0.8;80;SYP11;97418123
12;SYP1-1-0-AAA-R585;1;R570;1.5;12/09/2014;14/09/2015;-20.903533;55.532001;70;RU100_80;0.8;80;SYP11;97418123
12;SYP1-1-0-AAA-WI78402;1;R570;1.5;12/09/2014;14/09/2015;-20.903533;55.532001;70;RU100_80;0.8;80;SYP11;97418123
12;SYP1-1-0-AAA-WI79460;1;R570;1.5;12/09/2014;14/09/2015;-20.903533;55.532001;70;RU100_80;0.8;80;SYP11;97418123
12;SYP1-1-0-AAA-WI79461;1;R570;1.5;12/09/2014;14/09/2015;-20.903533;55.532001;70;RU100_80;0.8;80;SYP11;97418123
12;SYP1-1-0-AAA-WI80542;1;R570;1.5;12/09/2014;14/09/2015;-20.903533;55.532001;70;RU100_80;0.8;80;SYP11;97418123
12;SYP1-1-0-AAA-WI81456;1;R570;1.5;12/09/2014;14/09/2015;-20.903533;55.532001;70;RU100_80;0.8;80;SYP11;97418123
12;SYP1-1-0-AAA-WI8615;1;R570;1.5;12/09/2014;14/09/2015;-20.903533;55.532001;70;RU100_80;0.8;80;SYP11;97418123
12;SYP1-1-1-AAA-R109001;1;R570;1.5;12/09/2014;14/09/2015;-20.903533;55.532001;70;RU100_80;0.8;80;SYP11;97418123
12;SYP1-1-1-AAA-R109003;1;R570;1.5;12/09/2014;14/09/2015;-20.903533;55.532001;70;RU100_80;0.8;80;SYP11;97418123
12;SYP1-1-1-AAA-R109005;1;R570;1.5;12/09/2014;14/09/2015;-20.903533;55.532001;70;RU100_80;0.8;80;SYP11;97418123
12;SYP1-1-1-AAA-R109901;1;R570;1.5;12/09/2014;14/09/2015;-20.903533;55.532001;70;RU100_80;0.8;80;SYP11;97418123
12;SYP1-1-1-AAA-R109902;1;R570;1.5;12/09/2014;14/09/2015;-20.903533;55.532001;70;RU100_80;0.8;80;SYP11;97418123
12;SYP1-1-1-AAA-R109903;1;R570;1.5;12/09/2014;14/09/2015;-20.903533;55.532001;70;RU100_80;0.8;80;SYP11;97418123
12;SYP1-1-1-AAA-R109904;1;R570;1.5;12/09/2014;14/09/2015;-20.903533;55.532001;70;RU100_80;0.8;80;SYP11;97418123
12;SYP1-1-1-AAA-R109905;1;R570;1.5;12/09/2014;14/09/2015;-20.903533;55.532001;70;RU100_80;0.8;80;SYP11;97418123
12;SYP1-1-1-AAA-R109906;1;R570;1.5;12/09/2014;14/09/2015;-20.903533;55.532001;70;RU100_80;0.8;80;SYP11;97418123
12;SYP1-1-1-AAA-R109907;1;R570;1.5;12/09/2014;14/09/2015;-20.903533;55.532001;70;RU100_80;0.8;80;SYP11;97418123
12;SYP1-1-1-AAA-R109908;1;R570;1.5;12/09/2014;14/09/2015;-20.903533;55.532001;70;RU100_80;0.8;80;SYP11;97418123
12;SYP1-1-1-AAA-R109909;1;R570;1.5;12/09/2014;14/09/2015;-20.903533;55.532001;70;RU100_80;0.8;80;SYP11;97418123
12;SYP1-1-1-AAA-R570;1;R570;1.5;12/09/2014;14/09/2015;-20.903533;55.532001;70;RU100_80;0.8;80;SYP11;97418123
12;SYP1-1-1-AAA-R585;1;R570;1.5;12/09/2014;14/09/2015;-20.903533;55.532001;70;RU100_80;0.8;80;SYP11;97418123
12;SYP1-1-1-AAA-WI78402;1;R570;1.5;12/09/2014;14/09/2015;-20.903533;55.532001;70;RU100_80;0.8;80;SYP11;97418123
12;SYP1-1-1-AAA-WI79460;1;R570;1.5;12/09/2014;14/09/2015;-20.903533;55.532001;70;RU100_80;0.8;80;SYP11;97418123
12;SYP1-1-1-AAA-WI79461;1;R570;1.5;12/09/2014;14/09/2015;-20.903533;55.532001;70;RU100_80;0.8;80;SYP11;97418123
12;SYP1-1-1-AAA-WI80542;1;R570;1.5;12/09/2014;14/09/2015;-20.903533;55.532001;70;RU100_80;0.8;80;SYP11;97418123
12;SYP1-1-1-AAA-WI81456;1;R570;1.5;12/09/2014;14/09/2015;-20.903533;55.532001;70;RU100_80;0.8;80;SYP11;97418123
12;SYP1-1-1-AAA-WI8615;1;R570;1.5;12/09/2014;14/09/2015;-20.903533;55.532001;70;RU100_80;0.8;80;SYP11;97418123
12;SYP1-1-2-AAA-R109001;1;R570;1.5;12/09/2014;14/09/2015;-20.903533;55.532001;70;RU100_80;0.8;80;SYP11;97418123
12;SYP1-1-2-AAA-R109003;1;R570;1.5;12/09/2014;14/09/2015;-20.903533;55.532001;70;RU100_80;0.8;80;SYP11;97418123
12;SYP1-1-2-AAA-R109005;1;R570;1.5;12/09/2014;14/09/2015;-20.903533;55.532001;70;RU100_80;0.8;80;SYP11;97418123
12;SYP1-1-2-AAA-R109901;1;R570;1.5;12/09/2014;14/09/2015;-20.903533;55.532001;70;RU100_80;0.8;80;SYP11;97418123
12;SYP1-1-2-AAA-R109902;1;R570;1.5;12/09/2014;14/09/2015;-20.903533;55.532001;70;RU100_80;0.8;80;SYP11;97418123
12;SYP1-1-2-AAA-R109903;1;R570;1.5;12/09/2014;14/09/2015;-20.903533;55.532001;70;RU100_80;0.8;80;SYP11;97418123
12;SYP1-1-2-AAA-R109904;1;R570;1.5;12/09/2014;14/09/2015;-20.903533;55.532001;70;RU100_80;0.8;80;SYP11;97418123
12;SYP1-1-2-AAA-R109905;1;R570;1.5;12/09/2014;14/09/2015;-20.903533;55.532001;70;RU100_80;0.8;80;SYP11;97418123
12;SYP1-1-2-AAA-R109906;1;R570;1.5;12/09/2014;14/09/2015;-20.903533;55.532001;70;RU100_80;0.8;80;SYP11;97418123
12;SYP1-1-2-AAA-R109907;1;R570;1.5;12/09/2014;14/09/2015;-20.903533;55.532001;70;RU100_80;0.8;80;SYP11;97418123
12;SYP1-1-2-AAA-R109908;1;R570;1.5;12/09/2014;14/09/2015;-20.903533;55.532001;70;RU100_80;0.8;80;SYP11;97418123
12;SYP1-1-2-AAA-R109909;1;R570;1.5;12/09/2014;14/09/2015;-20.903533;55.532001;70;RU100_80;0.8;80;SYP11;97418123
12;SYP1-1-2-AAA-R570;1;R570;1.5;12/09/2014;14/09/2015;-20.903533;55.532001;70;RU100_80;0.8;80;SYP11;97418123
12;SYP1-1-2-AAA-R585;1;R570;1.5;12/09/2014;14/09/2015;-20.903533;55.532001;70;RU100_80;0.8;80;SYP11;97418123
12;SYP1-1-2-AAA-WI78402;1;R570;1.5;12/09/2014;14/09/2015;-20.903533;55.532001;70;RU100_80;0.8;80;SYP11;97418123
12;SYP1-1-2-AAA-WI79460;1;R570;1.5;12/09/2014;14/09/2015;-20.903533;55.532001;70;RU100_80;0.8;80;SYP11;97418123
12;SYP1-1-2-AAA-WI79461;1;R570;1.5;12/09/2014;14/09/2015;-20.903533;55.532001;70;RU100_80;0.8;80;SYP11;97418123
12;SYP1-1-2-AAA-WI80542;1;R570;1.5;12/09/2014;14/09/2015;-20.903533;55.532001;70;RU100_80;0.8;80;SYP11;97418123
12;SYP1-1-2-AAA-WI81456;1;R570;1.5;12/09/2014;14/09/2015;-20.903533;55.532001;70;RU100_80;0.8;80;SYP11;97418123
12;SYP1-1-2-AAA-WI8615;1;R570;1.5;12/09/2014;14/09/2015;-20.903533;55.532001;70;RU100_80;0.8;80;SYP11;97418123
12;SYP1-1-3-AAA-R109001;1;R570;1.5;12/09/2014;14/09/2015;-20.903533;55.532001;70;RU100_80;0.8;80;SYP11;97418123
12;SYP1-1-3-AAA-R109003;1;R570;1.5;12/09/2014;14/09/2015;-20.903533;55.532001;70;RU100_80;0.8;80;SYP11;97418123
12;SYP1-1-3-AAA-R109005;1;R570;1.5;12/09/2014;14/09/2015;-20.903533;55.532001;70;RU100_80;0.8;80;SYP11;97418123
12;SYP1-1-3-AAA-R109901;1;R570;1.5;12/09/2014;14/09/2015;-20.903533;55.532001;70;RU100_80;0.8;80;SYP11;97418123
12;SYP1-1-3-AAA-R109902;1;R570;1.5;12/09/2014;14/09/2015;-20.903533;55.532001;70;RU100_80;0.8;80;SYP11;97418123
12;SYP1-1-3-AAA-R109903;1;R570;1.5;12/09/2014;14/09/2015;-20.903533;55.532001;70;RU100_80;0.8;80;SYP11;97418123
12;SYP1-1-3-AAA-R109904;1;R570;1.5;12/09/2014;14/09/2015;-20.903533;55.532001;70;RU100_80;0.8;80;SYP11;97418123
12;SYP1-1-3-AAA-R109905;1;R570;1.5;12/09/2014;14/09/2015;-20.903533;55.532001;70;RU100_80;0.8;80;SYP11;97418123
12;SYP1-1-3-AAA-R109906;1;R570;1.5;12/09/2014;14/09/2015;-20.903533;55.532001;70;RU100_80;0.8;80;SYP11;97418123
12;SYP1-1-3-AAA-R109907;1;R570;1.5;12/09/2014;14/09/2015;-20.903533;55.532001;70;RU100_80;0.8;80;SYP11;97418123
12;SYP1-1-3-AAA-R109908;1;R570;1.5;12/09/2014;14/09/2015;-20.903533;55.532001;70;RU100_80;0.8;80;SYP11;97418123
12;SYP1-1-3-AAA-R109909;1;R570;1.5;12/09/2014;14/09/2015;-20.903533;55.532001;70;RU100_80;0.8;80;SYP11;97418123
12;SYP1-1-3-AAA-R570;1;R570;1.5;12/09/2014;14/09/2015;-20.903533;55.532001;70;RU100_80;0.8;80;SYP11;97418123
12;SYP1-1-3-AAA-R585;1;R570;1.5;12/09/2014;14/09/2015;-20.903533;55.532001;70;RU100_80;0.8;80;SYP11;97418123
12;SYP1-1-3-AAA-WI78402;1;R570;1.5;12/09/2014;14/09/2015;-20.903533;55.532001;70;RU100_80;0.8;80;SYP11;97418123
12;SYP1-1-3-AAA-WI79460;1;R570;1.5;12/09/2014;14/09/2015;-20.903533;55.532001;70;RU100_80;0.8;80;SYP11;97418123
12;SYP1-1-3-AAA-WI79461;1;R570;1.5;12/09/2014;14/09/2015;-20.903533;55.532001;70;RU100_80;0.8;80;SYP11;97418123
12;SYP1-1-3-AAA-WI80542;1;R570;1.5;12/09/2014;14/09/2015;-20.903533;55.532001;70;RU100_80;0.8;80;SYP11;97418123
12;SYP1-1-3-AAA-WI81456;1;R570;1.5;12/09/2014;14/09/2015;-20.903533;55.532001;70;RU100_80;0.8;80;SYP11;97418123
12;SYP1-1-3-AAA-WI8615;1;R570;1.5;12/09/2014;14/09/2015;-20.903533;55.532001;70;RU100_80;0.8;80;SYP11;97418123
12;SYP2-0-0-AAA-R109001;0;R570;1.5;11/02/2014;14/04/2015;-21.3;55.54;650;RU100_80;0.8;80;RAINFED;974005
12;SYP2-0-0-AAA-R109003;0;R570;1.5;11/02/2014;14/04/2015;-21.3;55.54;650;RU100_80;0.8;80;RAINFED;974005
12;SYP2-0-0-AAA-R109005;0;R570;1.5;11/02/2014;14/04/2015;-21.3;55.54;650;RU100_80;0.8;80;RAINFED;974005
12;SYP2-0-0-AAA-R109901;0;R570;1.5;11/02/2014;14/04/2015;-21.3;55.54;650;RU100_80;0.8;80;RAINFED;974005
12;SYP2-0-0-AAA-R109902;0;R570;1.5;11/02/2014;14/04/2015;-21.3;55.54;650;RU100_80;0.8;80;RAINFED;974005
12;SYP2-0-0-AAA-R109903;0;R570;1.5;11/02/2014;14/04/2015;-21.3;55.54;650;RU100_80;0.8;80;RAINFED;974005
12;SYP2-0-0-AAA-R109904;0;R570;1.5;11/02/2014;14/04/2015;-21.3;55.54;650;RU100_80;0.8;80;RAINFED;974005
12;SYP2-0-0-AAA-R109905;0;R570;1.5;11/02/2014;14/04/2015;-21.3;55.54;650;RU100_80;0.8;80;RAINFED;974005
12;SYP2-0-0-AAA-R109906;0;R570;1.5;11/02/2014;14/04/2015;-21.3;55.54;650;RU100_80;0.8;80;RAINFED;974005
12;SYP2-0-0-AAA-R109907;0;R570;1.5;11/02/2014;14/04/2015;-21.3;55.54;650;RU100_80;0.8;80;RAINFED;974005
12;SYP2-0-0-AAA-R109908;0;R570;1.5;11/02/2014;14/04/2015;-21.3;55.54;650;RU100_80;0.8;80;RAINFED;974005
12;SYP2-0-0-AAA-R109909;0;R570;1.5;11/02/2014;14/04/2015;-21.3;55.54;650;RU100_80;0.8;80;RAINFED;974005
12;SYP2-0-0-AAA-R570;0;R570;1.5;11/02/2014;14/04/2015;-21.3;55.54;650;RU100_80;0.8;80;RAINFED;974005
12;SYP2-0-0-AAA-R585;0;R570;1.5;11/02/2014;14/04/2015;-21.3;55.54;650;RU100_80;0.8;80;RAINFED;974005
12;SYP2-0-0-AAA-WI78402;0;R570;1.5;11/02/2014;14/04/2015;-21.3;55.54;650;RU100_80;0.8;80;RAINFED;974005
12;SYP2-0-0-AAA-WI79460;0;R570;1.5;11/02/2014;14/04/2015;-21.3;55.54;650;RU100_80;0.8;80;RAINFED;974005
12;SYP2-0-0-AAA-WI79461;0;R570;1.5;11/02/2014;14/04/2015;-21.3;55.54;650;RU100_80;0.8;80;RAINFED;974005
12;SYP2-0-0-AAA-WI80542;0;R570;1.5;11/02/2014;14/04/2015;-21.3;55.54;650;RU100_80;0.8;80;RAINFED;974005
12;SYP2-0-0-AAA-WI81456;0;R570;1.5;11/02/2014;14/04/2015;-21.3;55.54;650;RU100_80;0.8;80;RAINFED;974005
12;SYP2-0-0-AAA-WI8615;0;R570;1.5;11/02/2014;14/04/2015;-21.3;55.54;650;RU100_80;0.8;80;RAINFED;974005
12;SYP2-0-1-AAA-R109001;0;R570;1.5;11/02/2014;14/04/2015;-21.3;55.54;650;RU100_80;0.8;80;RAINFED;974005
12;SYP2-0-1-AAA-R109003;0;R570;1.5;11/02/2014;14/04/2015;-21.3;55.54;650;RU100_80;0.8;80;RAINFED;974005
12;SYP2-0-1-AAA-R109005;0;R570;1.5;11/02/2014;14/04/2015;-21.3;55.54;650;RU100_80;0.8;80;RAINFED;974005
12;SYP2-0-1-AAA-R109901;0;R570;1.5;11/02/2014;14/04/2015;-21.3;55.54;650;RU100_80;0.8;80;RAINFED;974005
12;SYP2-0-1-AAA-R109902;0;R570;1.5;11/02/2014;14/04/2015;-21.3;55.54;650;RU100_80;0.8;80;RAINFED;974005
12;SYP2-0-1-AAA-R109903;0;R570;1.5;11/02/2014;14/04/2015;-21.3;55.54;650;RU100_80;0.8;80;RAINFED;974005
12;SYP2-0-1-AAA-R109904;0;R570;1.5;11/02/2014;14/04/2015;-21.3;55.54;650;RU100_80;0.8;80;RAINFED;974005
12;SYP2-0-1-AAA-R109905;0;R570;1.5;11/02/2014;14/04/2015;-21.3;55.54;650;RU100_80;0.8;80;RAINFED;974005
12;SYP2-0-1-AAA-R109906;0;R570;1.5;11/02/2014;14/04/2015;-21.3;55.54;650;RU100_80;0.8;80;RAINFED;974005
12;SYP2-0-1-AAA-R109907;0;R570;1.5;11/02/2014;14/04/2015;-21.3;55.54;650;RU100_80;0.8;80;RAINFED;974005
12;SYP2-0-1-AAA-R109908;0;R570;1.5;11/02/2014;14/04/2015;-21.3;55.54;650;RU100_80;0.8;80;RAINFED;974005
12;SYP2-0-1-AAA-R109909;0;R570;1.5;11/02/2014;14/04/2015;-21.3;55.54;650;RU100_80;0.8;80;RAINFED;974005
12;SYP2-0-1-AAA-R570;0;R570;1.5;11/02/2014;14/04/2015;-21.3;55.54;650;RU100_80;0.8;80;RAINFED;974005
12;SYP2-0-1-AAA-R585;0;R570;1.5;11/02/2014;14/04/2015;-21.3;55.54;650;RU100_80;0.8;80;RAINFED;974005
12;SYP2-0-1-AAA-WI78402;0;R570;1.5;11/02/2014;14/04/2015;-21.3;55.54;650;RU100_80;0.8;80;RAINFED;974005
12;SYP2-0-1-AAA-WI79460;0;R570;1.5;11/02/2014;14/04/2015;-21.3;55.54;650;RU100_80;0.8;80;RAINFED;974005
12;SYP2-0-1-AAA-WI79461;0;R570;1.5;11/02/2014;14/04/2015;-21.3;55.54;650;RU100_80;0.8;80;RAINFED;974005
12;SYP2-0-1-AAA-WI80542;0;R570;1.5;11/02/2014;14/04/2015;-21.3;55.54;650;RU100_80;0.8;80;RAINFED;974005
12;SYP2-0-1-AAA-WI81456;0;R570;1.5;11/02/2014;14/04/2015;-21.3;55.54;650;RU100_80;0.8;80;RAINFED;974005
12;SYP2-0-1-AAA-WI8615;0;R570;1.5;11/02/2014;14/04/2015;-21.3;55.54;650;RU100_80;0.8;80;RAINFED;974005
12;SYP2-0-2-AAA-R109001;0;R570;1.5;11/02/2014;14/04/2015;-21.3;55.54;650;RU100_80;0.8;80;RAINFED;974005
12;SYP2-0-2-AAA-R109003;0;R570;1.5;11/02/2014;14/04/2015;-21.3;55.54;650;RU100_80;0.8;80;RAINFED;974005
12;SYP2-0-2-AAA-R109005;0;R570;1.5;11/02/2014;14/04/2015;-21.3;55.54;650;RU100_80;0.8;80;RAINFED;974005
12;SYP2-0-2-AAA-R109901;0;R570;1.5;11/02/2014;14/04/2015;-21.3;55.54;650;RU100_80;0.8;80;RAINFED;974005
12;SYP2-0-2-AAA-R109902;0;R570;1.5;11/02/2014;14/04/2015;-21.3;55.54;650;RU100_80;0.8;80;RAINFED;974005
12;SYP2-0-2-AAA-R109903;0;R570;1.5;11/02/2014;14/04/2015;-21.3;55.54;650;RU100_80;0.8;80;RAINFED;974005
12;SYP2-0-2-AAA-R109904;0;R570;1.5;11/02/2014;14/04/2015;-21.3;55.54;650;RU100_80;0.8;80;RAINFED;974005
12;SYP2-0-2-AAA-R109905;0;R570;1.5;11/02/2014;14/04/2015;-21.3;55.54;650;RU100_80;0.8;80;RAINFED;974005
12;SYP2-0-2-AAA-R109906;0;R570;1.5;11/02/2014;14/04/2015;-21.3;55.54;650;RU100_80;0.8;80;RAINFED;974005
12;SYP2-0-2-AAA-R109907;0;R570;1.5;11/02/2014;14/04/2015;-21.3;55.54;650;RU100_80;0.8;80;RAINFED;974005
12;SYP2-0-2-AAA-R109908;0;R570;1.5;11/02/2014;14/04/2015;-21.3;55.54;650;RU100_80;0.8;80;RAINFED;974005
12;SYP2-0-2-AAA-R109909;0;R570;1.5;11/02/2014;14/04/2015;-21.3;55.54;650;RU100_80;0.8;80;RAINFED;974005
12;SYP2-0-2-AAA-R570;0;R570;1.5;11/02/2014;14/04/2015;-21.3;55.54;650;RU100_80;0.8;80;RAINFED;974005
12;SYP2-0-2-AAA-R585;0;R570;1.5;11/02/2014;14/04/2015;-21.3;55.54;650;RU100_80;0.8;80;RAINFED;974005
12;SYP2-0-2-AAA-WI78402;0;R570;1.5;11/02/2014;14/04/2015;-21.3;55.54;650;RU100_80;0.8;80;RAINFED;974005
12;SYP2-0-2-AAA-WI79460;0;R570;1.5;11/02/2014;14/04/2015;-21.3;55.54;650;RU100_80;0.8;80;RAINFED;974005
12;SYP2-0-2-AAA-WI79461;0;R570;1.5;11/02/2014;14/04/2015;-21.3;55.54;650;RU100_80;0.8;80;RAINFED;974005
12;SYP2-0-2-AAA-WI80542;0;R570;1.5;11/02/2014;14/04/2015;-21.3;55.54;650;RU100_80;0.8;80;RAINFED;974005
12;SYP2-0-2-AAA-WI81456;0;R570;1.5;11/02/2014;14/04/2015;-21.3;55.54;650;RU100_80;0.8;80;RAINFED;974005
12;SYP2-0-2-AAA-WI8615;0;R570;1.5;11/02/2014;14/04/2015;-21.3;55.54;650;RU100_80;0.8;80;RAINFED;974005
12;SYP2-0-3-AAA-R109001;0;R570;1.5;11/02/2014;14/04/2015;-21.3;55.54;650;RU100_80;0.8;80;RAINFED;974005
12;SYP2-0-3-AAA-R109003;0;R570;1.5;11/02/2014;14/04/2015;-21.3;55.54;650;RU100_80;0.8;80;RAINFED;974005
12;SYP2-0-3-AAA-R109005;0;R570;1.5;11/02/2014;14/04/2015;-21.3;55.54;650;RU100_80;0.8;80;RAINFED;974005
12;SYP2-0-3-AAA-R109901;0;R570;1.5;11/02/2014;14/04/2015;-21.3;55.54;650;RU100_80;0.8;80;RAINFED;974005
12;SYP2-0-3-AAA-R109902;0;R570;1.5;11/02/2014;14/04/2015;-21.3;55.54;650;RU100_80;0.8;80;RAINFED;974005
12;SYP2-0-3-AAA-R109903;0;R570;1.5;11/02/2014;14/04/2015;-21.3;55.54;650;RU100_80;0.8;80;RAINFED;974005
12;SYP2-0-3-AAA-R109904;0;R570;1.5;11/02/2014;14/04/2015;-21.3;55.54;650;RU100_80;0.8;80;RAINFED;974005
12;SYP2-0-3-AAA-R109905;0;R570;1.5;11/02/2014;14/04/2015;-21.3;55.54;650;RU100_80;0.8;80;RAINFED;974005
12;SYP2-0-3-AAA-R109906;0;R570;1.5;11/02/2014;14/04/2015;-21.3;55.54;650;RU100_80;0.8;80;RAINFED;974005
12;SYP2-0-3-AAA-R109907;0;R570;1.5;11/02/2014;14/04/2015;-21.3;55.54;650;RU100_80;0.8;80;RAINFED;974005
12;SYP2-0-3-AAA-R109908;0;R570;1.5;11/02/2014;14/04/2015;-21.3;55.54;650;RU100_80;0.8;80;RAINFED;974005
12;SYP2-0-3-AAA-R109909;0;R570;1.5;11/02/2014;14/04/2015;-21.3;55.54;650;RU100_80;0.8;80;RAINFED;974005
12;SYP2-0-3-AAA-R570;0;R570;1.5;11/02/2014;14/04/2015;-21.3;55.54;650;RU100_80;0.8;80;RAINFED;974005
12;SYP2-0-3-AAA-R585;0;R570;1.5;11/02/2014;14/04/2015;-21.3;55.54;650;RU100_80;0.8;80;RAINFED;974005
12;SYP2-0-3-AAA-WI78402;0;R570;1.5;11/02/2014;14/04/2015;-21.3;55.54;650;RU100_80;0.8;80;RAINFED;974005
12;SYP2-0-3-AAA-WI79460;0;R570;1.5;11/02/2014;14/04/2015;-21.3;55.54;650;RU100_80;0.8;80;RAINFED;974005
12;SYP2-0-3-AAA-WI79461;0;R570;1.5;11/02/2014;14/04/2015;-21.3;55.54;650;RU100_80;0.8;80;RAINFED;974005
12;SYP2-0-3-AAA-WI80542;0;R570;1.5;11/02/2014;14/04/2015;-21.3;55.54;650;RU100_80;0.8;80;RAINFED;974005
12;SYP2-0-3-AAA-WI81456;0;R570;1.5;11/02/2014;14/04/2015;-21.3;55.54;650;RU100_80;0.8;80;RAINFED;974005
12;SYP2-0-3-AAA-WI8615;0;R570;1.5;11/02/2014;14/04/2015;-21.3;55.54;650;RU100_80;0.8;80;RAINFED;974005
12;SYP2-1-0-AAA-R109001;1;R570;1.5;14/04/2015;23/03/2016;-21.3;55.54;650;RU100_80;0.8;80;RAINFED;974005
12;SYP2-1-0-AAA-R109003;1;R570;1.5;14/04/2015;23/03/2016;-21.3;55.54;650;RU100_80;0.8;80;RAINFED;974005
12;SYP2-1-0-AAA-R109005;1;R570;1.5;14/04/2015;23/03/2016;-21.3;55.54;650;RU100_80;0.8;80;RAINFED;974005
12;SYP2-1-0-AAA-R109901;1;R570;1.5;14/04/2015;23/03/2016;-21.3;55.54;650;RU100_80;0.8;80;RAINFED;974005
12;SYP2-1-0-AAA-R109902;1;R570;1.5;14/04/2015;23/03/2016;-21.3;55.54;650;RU100_80;0.8;80;RAINFED;974005
12;SYP2-1-0-AAA-R109903;1;R570;1.5;14/04/2015;23/03/2016;-21.3;55.54;650;RU100_80;0.8;80;RAINFED;974005
12;SYP2-1-0-AAA-R109904;1;R570;1.5;14/04/2015;23/03/2016;-21.3;55.54;650;RU100_80;0.8;80;RAINFED;974005
12;SYP2-1-0-AAA-R109905;1;R570;1.5;14/04/2015;23/03/2016;-21.3;55.54;650;RU100_80;0.8;80;RAINFED;974005
12;SYP2-1-0-AAA-R109906;1;R570;1.5;14/04/2015;23/03/2016;-21.3;55.54;650;RU100_80;0.8;80;RAINFED;974005
12;SYP2-1-0-AAA-R109907;1;R570;1.5;14/04/2015;23/03/2016;-21.3;55.54;650;RU100_80;0.8;80;RAINFED;974005
12;SYP2-1-0-AAA-R109908;1;R570;1.5;14/04/2015;23/03/2016;-21.3;55.54;650;RU100_80;0.8;80;RAINFED;974005
12;SYP2-1-0-AAA-R109909;1;R570;1.5;14/04/2015;23/03/2016;-21.3;55.54;650;RU100_80;0.8;80;RAINFED;974005
12;SYP2-1-0-AAA-R570;1;R570;1.5;14/04/2015;23/03/2016;-21.3;55.54;650;RU100_80;0.8;80;RAINFED;974005
12;SYP2-1-0-AAA-R585;1;R570;1.5;14/04/2015;23/03/2016;-21.3;55.54;650;RU100_80;0.8;80;RAINFED;974005
12;SYP2-1-0-AAA-R586;1;R570;1.5;14/04/2015;23/03/2016;-21.3;55.54;650;RU100_80;0.8;80;RAINFED;974005
12;SYP2-1-0-AAA-WI78402;1;R570;1.5;14/04/2015;23/03/2016;-21.3;55.54;650;RU100_80;0.8;80;RAINFED;974005
12;SYP2-1-0-AAA-WI79460;1;R570;1.5;14/04/2015;23/03/2016;-21.3;55.54;650;RU100_80;0.8;80;RAINFED;974005
12;SYP2-1-0-AAA-WI79461;1;R570;1.5;14/04/2015;23/03/2016;-21.3;55.54;650;RU100_80;0.8;80;RAINFED;974005
12;SYP2-1-0-AAA-WI80542;1;R570;1.5;14/04/2015;23/03/2016;-21.3;55.54;650;RU100_80;0.8;80;RAINFED;974005
12;SYP2-1-0-AAA-WI81456;1;R570;1.5;14/04/2015;23/03/2016;-21.3;55.54;650;RU100_80;0.8;80;RAINFED;974005
12;SYP2-1-0-AAA-WI8615;1;R570;1.5;14/04/2015;23/03/2016;-21.3;55.54;650;RU100_80;0.8;80;RAINFED;974005
12;SYP2-1-1-AAA-R109001;1;R570;1.5;14/04/2015;23/03/2016;-21.3;55.54;650;RU100_80;0.8;80;RAINFED;974005
12;SYP2-1-1-AAA-R109003;1;R570;1.5;14/04/2015;23/03/2016;-21.3;55.54;650;RU100_80;0.8;80;RAINFED;974005
12;SYP2-1-1-AAA-R109005;1;R570;1.5;14/04/2015;23/03/2016;-21.3;55.54;650;RU100_80;0.8;80;RAINFED;974005
12;SYP2-1-1-AAA-R109901;1;R570;1.5;14/04/2015;23/03/2016;-21.3;55.54;650;RU100_80;0.8;80;RAINFED;974005
12;SYP2-1-1-AAA-R109902;1;R570;1.5;14/04/2015;23/03/2016;-21.3;55.54;650;RU100_80;0.8;80;RAINFED;974005
12;SYP2-1-1-AAA-R109903;1;R570;1.5;14/04/2015;23/03/2016;-21.3;55.54;650;RU100_80;0.8;80;RAINFED;974005
12;SYP2-1-1-AAA-R109904;1;R570;1.5;14/04/2015;23/03/2016;-21.3;55.54;650;RU100_80;0.8;80;RAINFED;974005
12;SYP2-1-1-AAA-R109905;1;R570;1.5;14/04/2015;23/03/2016;-21.3;55.54;650;RU100_80;0.8;80;RAINFED;974005
12;SYP2-1-1-AAA-R109906;1;R570;1.5;14/04/2015;23/03/2016;-21.3;55.54;650;RU100_80;0.8;80;RAINFED;974005
12;SYP2-1-1-AAA-R109907;1;R570;1.5;14/04/2015;23/03/2016;-21.3;55.54;650;RU100_80;0.8;80;RAINFED;974005
12;SYP2-1-1-AAA-R109908;1;R570;1.5;14/04/2015;23/03/2016;-21.3;55.54;650;RU100_80;0.8;80;RAINFED;974005
12;SYP2-1-1-AAA-R109909;1;R570;1.5;14/04/2015;23/03/2016;-21.3;55.54;650;RU100_80;0.8;80;RAINFED;974005
12;SYP2-1-1-AAA-R570;1;R570;1.5;14/04/2015;23/03/2016;-21.3;55.54;650;RU100_80;0.8;80;RAINFED;974005
12;SYP2-1-1-AAA-R585;1;R570;1.5;14/04/2015;23/03/2016;-21.3;55.54;650;RU100_80;0.8;80;RAINFED;974005
12;SYP2-1-1-AAA-R586;1;R570;1.5;14/04/2015;23/03/2016;-21.3;55.54;650;RU100_80;0.8;80;RAINFED;974005
12;SYP2-1-1-AAA-WI78402;1;R570;1.5;14/04/2015;23/03/2016;-21.3;55.54;650;RU100_80;0.8;80;RAINFED;974005
12;SYP2-1-1-AAA-WI79460;1;R570;1.5;14/04/2015;23/03/2016;-21.3;55.54;650;RU100_80;0.8;80;RAINFED;974005
12;SYP2-1-1-AAA-WI79461;1;R570;1.5;14/04/2015;23/03/2016;-21.3;55.54;650;RU100_80;0.8;80;RAINFED;974005
12;SYP2-1-1-AAA-WI80542;1;R570;1.5;14/04/2015;23/03/2016;-21.3;55.54;650;RU100_80;0.8;80;RAINFED;974005
12;SYP2-1-1-AAA-WI81456;1;R570;1.5;14/04/2015;23/03/2016;-21.3;55.54;650;RU100_80;0.8;80;RAINFED;974005
12;SYP2-1-1-AAA-WI8615;1;R570;1.5;14/04/2015;23/03/2016;-21.3;55.54;650;RU100_80;0.8;80;RAINFED;974005
12;SYP2-1-2-AAA-R109001;1;R570;1.5;14/04/2015;23/03/2016;-21.3;55.54;650;RU100_80;0.8;80;RAINFED;974005
12;SYP2-1-2-AAA-R109003;1;R570;1.5;14/04/2015;23/03/2016;-21.3;55.54;650;RU100_80;0.8;80;RAINFED;974005
12;SYP2-1-2-AAA-R109005;1;R570;1.5;14/04/2015;23/03/2016;-21.3;55.54;650;RU100_80;0.8;80;RAINFED;974005
12;SYP2-1-2-AAA-R109901;1;R570;1.5;14/04/2015;23/03/2016;-21.3;55.54;650;RU100_80;0.8;80;RAINFED;974005
12;SYP2-1-2-AAA-R109902;1;R570;1.5;14/04/2015;23/03/2016;-21.3;55.54;650;RU100_80;0.8;80;RAINFED;974005
12;SYP2-1-2-AAA-R109903;1;R570;1.5;14/04/2015;23/03/2016;-21.3;55.54;650;RU100_80;0.8;80;RAINFED;974005
12;SYP2-1-2-AAA-R109904;1;R570;1.5;14/04/2015;23/03/2016;-21.3;55.54;650;RU100_80;0.8;80;RAINFED;974005
12;SYP2-1-2-AAA-R109905;1;R570;1.5;14/04/2015;23/03/2016;-21.3;55.54;650;RU100_80;0.8;80;RAINFED;974005
12;SYP2-1-2-AAA-R109906;1;R570;1.5;14/04/2015;23/03/2016;-21.3;55.54;650;RU100_80;0.8;80;RAINFED;974005
12;SYP2-1-2-AAA-R109907;1;R570;1.5;14/04/2015;23/03/2016;-21.3;55.54;650;RU100_80;0.8;80;RAINFED;974005
12;SYP2-1-2-AAA-R109908;1;R570;1.5;14/04/2015;23/03/2016;-21.3;55.54;650;RU100_80;0.8;80;RAINFED;974005
12;SYP2-1-2-AAA-R109909;1;R570;1.5;14/04/2015;23/03/2016;-21.3;55.54;650;RU100_80;0.8;80;RAINFED;974005
12;SYP2-1-2-AAA-R570;1;R570;1.5;14/04/2015;23/03/2016;-21.3;55.54;650;RU100_80;0.8;80;RAINFED;974005
12;SYP2-1-2-AAA-R585;1;R570;1.5;14/04/2015;23/03/2016;-21.3;55.54;650;RU100_80;0.8;80;RAINFED;974005
12;SYP2-1-2-AAA-R586;1;R570;1.5;14/04/2015;23/03/2016;-21.3;55.54;650;RU100_80;0.8;80;RAINFED;974005
12;SYP2-1-2-AAA-WI78402;1;R570;1.5;14/04/2015;23/03/2016;-21.3;55.54;650;RU100_80;0.8;80;RAINFED;974005
12;SYP2-1-2-AAA-WI79460;1;R570;1.5;14/04/2015;23/03/2016;-21.3;55.54;650;RU100_80;0.8;80;RAINFED;974005
12;SYP2-1-2-AAA-WI79461;1;R570;1.5;14/04/2015;23/03/2016;-21.3;55.54;650;RU100_80;0.8;80;RAINFED;974005
12;SYP2-1-2-AAA-WI80542;1;R570;1.5;14/04/2015;23/03/2016;-21.3;55.54;650;RU100_80;0.8;80;RAINFED;974005
12;SYP2-1-2-AAA-WI81456;1;R570;1.5;14/04/2015;23/03/2016;-21.3;55.54;650;RU100_80;0.8;80;RAINFED;974005
12;SYP2-1-2-AAA-WI8615;1;R570;1.5;14/04/2015;23/03/2016;-21.3;55.54;650;RU100_80;0.8;80;RAINFED;974005
12;SYP2-1-3-AAA-R109001;1;R570;1.5;14/04/2015;23/03/2016;-21.3;55.54;650;RU100_80;0.8;80;RAINFED;974005
12;SYP2-1-3-AAA-R109003;1;R570;1.5;14/04/2015;23/03/2016;-21.3;55.54;650;RU100_80;0.8;80;RAINFED;974005
12;SYP2-1-3-AAA-R109005;1;R570;1.5;14/04/2015;23/03/2016;-21.3;55.54;650;RU100_80;0.8;80;RAINFED;974005
12;SYP2-1-3-AAA-R109901;1;R570;1.5;14/04/2015;23/03/2016;-21.3;55.54;650;RU100_80;0.8;80;RAINFED;974005
12;SYP2-1-3-AAA-R109902;1;R570;1.5;14/04/2015;23/03/2016;-21.3;55.54;650;RU100_80;0.8;80;RAINFED;974005
12;SYP2-1-3-AAA-R109903;1;R570;1.5;14/04/2015;23/03/2016;-21.3;55.54;650;RU100_80;0.8;80;RAINFED;974005
12;SYP2-1-3-AAA-R109904;1;R570;1.5;14/04/2015;23/03/2016;-21.3;55.54;650;RU100_80;0.8;80;RAINFED;974005
12;SYP2-1-3-AAA-R109905;1;R570;1.5;14/04/2015;23/03/2016;-21.3;55.54;650;RU100_80;0.8;80;RAINFED;974005
12;SYP2-1-3-AAA-R109906;1;R570;1.5;14/04/2015;23/03/2016;-21.3;55.54;650;RU100_80;0.8;80;RAINFED;974005
12;SYP2-1-3-AAA-R109907;1;R570;1.5;14/04/2015;23/03/2016;-21.3;55.54;650;RU100_80;0.8;80;RAINFED;974005
12;SYP2-1-3-AAA-R109908;1;R570;1.5;14/04/2015;23/03/2016;-21.3;55.54;650;RU100_80;0.8;80;RAINFED;974005
12;SYP2-1-3-AAA-R109909;1;R570;1.5;14/04/2015;23/03/2016;-21.3;55.54;650;RU100_80;0.8;80;RAINFED;974005
12;SYP2-1-3-AAA-R570;1;R570;1.5;14/04/2015;23/03/2016;-21.3;55.54;650;RU100_80;0.8;80;RAINFED;974005
12;SYP2-1-3-AAA-R585;1;R570;1.5;14/04/2015;23/03/2016;-21.3;55.54;650;RU100_80;0.8;80;RAINFED;974005
12;SYP2-1-3-AAA-R586;1;R570;1.5;14/04/2015;23/03/2016;-21.3;55.54;650;RU100_80;0.8;80;RAINFED;974005
12;SYP2-1-3-AAA-WI78402;1;R570;1.5;14/04/2015;23/03/2016;-21.3;55.54;650;RU100_80;0.8;80;RAINFED;974005
12;SYP2-1-3-AAA-WI79460;1;R570;1.5;14/04/2015;23/03/2016;-21.3;55.54;650;RU100_80;0.8;80;RAINFED;974005
12;SYP2-1-3-AAA-WI79461;1;R570;1.5;14/04/2015;23/03/2016;-21.3;55.54;650;RU100_80;0.8;80;RAINFED;974005
12;SYP2-1-3-AAA-WI80542;1;R570;1.5;14/04/2015;23/03/2016;-21.3;55.54;650;RU100_80;0.8;80;RAINFED;974005
12;SYP2-1-3-AAA-WI81456;1;R570;1.5;14/04/2015;23/03/2016;-21.3;55.54;650;RU100_80;0.8;80;RAINFED;974005
12;SYP2-1-3-AAA-WI8615;1;R570;1.5;14/04/2015;23/03/2016;-21.3;55.54;650;RU100_80;0.8;80;RAINFED;974005
9;TIR1-2-0-IRI-R570;2;R570;1.5;07/11/1995;15/11/1996;-21;55;100;TIR2;0.95;80;TI1-2-IRI;974001
9;TIR1-2-0-SEV-R570;2;R570;1.5;07/11/1995;15/11/1996;-21;55;100;TIR2;0.95;80;TI1-2-SEV;974001
9;TIR1-3-0-IRI-R570;3;R570;1.5;15/04/1997;30/04/1998;-21;55;100;TIR2;0.95;80;TI1-3-IRI;974001
9;TIR1-3-0-SEV-R570;3;R570;1.5;15/04/1997;30/04/1998;-21;55;100;TIR2;0.95;80;TI1-3-SEV;974001
9;TIR1-5-0-AAA-R570;5;R570;1.5;26/11/1998;13/11/1999;-21;55;100;TIR2;0.95;80;TI1-5-IRI;974001
