num_labo;long;lat;alt
8307;55.32505448;-21.02284077;0.000
8021;55.31880564;-21.18752428;0.000
8032;55.30016867;-21.20503857;0.000
7880;55.31887544;-21.16261430;0.000
7875;55.31715918;-21.17688394;0.000
8141;55.31090017;-21.17958753;0.000
8488;55.35640699;-20.96744328;0.000
7768;55.28369689;-21.13426295;0.000
4383;55.29798078;-21.06931966;0.000
8188;55.32957000;-21.21344792;0.000
7799;55.31498201;-21.15724416;0.000
7981;55.31729860;-21.19376634;0.000
8568;55.30480694;-21.07204764;0.000
7914;55.31759622;-21.21004682;0.000
8113;55.31331329;-21.18637145;0.000
8332;55.29895915;-21.02725536;0.000
8346;55.30622960;-21.03520811;0.000
4538;55.28127429;-21.08113449;0.000
8585;55.33735166;-20.99084269;0.000
4449;55.30437788;-21.06770907;0.000
8159;55.30841255;-21.22437702;0.000
8215;55.31347768;-21.19507702;0.000
8088;55.32588256;-21.22367079;0.000
8430;55.32616642;-21.02099852;0.000
4303;55.28186721;-21.09452408;0.000
4395;55.29932818;-21.08129473;0.000
8577;55.31923027;-21.01600272;0.000
8630;55.30360094;-21.06991506;0.000
4259;55.27495891;-21.07461634;0.000
4358;55.31123369;-21.08452414;0.000
8563;55.31235078;-21.02525326;0.000
4489;55.29221769;-21.08585125;0.000
8564;55.31145714;-20.98080766;0.000
8063;55.29755051;-21.23146619;0.000
7761;55.31063281;-21.20662588;0.000
8179;55.28788629;-21.20940636;0.000
7843;55.29468732;-21.21646783;0.000
4452;55.28661058;-21.07435494;0.000
4535;55.27995007;-21.07064349;0.000
8319;55.35365010;-20.96883745;0.000
7854;55.29403945;-21.19315214;0.000
8253;55.28941104;-21.05004735;0.000
7858;55.31642628;-21.19099639;0.000
4447;55.28143831;-21.10354531;0.000
7754;55.30910041;-21.19796174;0.000
8014;55.32063928;-21.19560237;0.000
8447;55.35453943;-20.96934303;0.000
4403;55.25211706;-21.08144989;0.000
7781;55.32943967;-21.21354904;0.000
8387;55.28493713;-21.05204691;0.000
8606;55.34524408;-21.00298435;0.000
8641;55.33032153;-21.01921532;0.000
8355;55.29269790;-21.03174303;0.000
4411;55.28093658;-21.07134423;0.000
8381;55.33543224;-21.00334717;0.000
4352;55.28309108;-21.08525206;0.000
4257;55.31624233;-21.05968711;0.000
7983;55.30607667;-21.22822165;0.000
4467;55.27557847;-21.06351998;0.000
8428;55.31835428;-21.02748168;0.000
4577;55.28742755;-21.08635392;0.000
4301;55.24096479;-21.06013478;0.000
8036;55.32979728;-21.21948873;0.000
4339;55.25887596;-21.08093985;0.000
8335;55.27804611;-21.05349833;0.000
8051;55.32062244;-21.16103907;0.000
8390;55.32004107;-21.02021007;0.000
4481;55.27402238;-21.06439893;0.000
8125;55.31207128;-21.18365176;0.000
8351;55.28648224;-21.03894460;0.000
7839;55.33013858;-21.20357040;0.000
7884;55.33420564;-21.20932424;0.000
8023;55.30260375;-21.20877705;0.000
8527;55.31270019;-21.03315841;0.000
8379;55.34672121;-20.98454166;0.000
8637;55.30764724;-20.97403140;0.000
8388;55.27717291;-21.05195873;0.000
8581;55.30353972;-20.98962852;0.000
4288;55.29417509;-21.08515563;0.000
8514;55.30479030;-20.99228083;0.000
4330;55.29623172;-21.07798710;0.000
4286;55.29799577;-21.12022956;0.000
4244;55.28399294;-21.08617486;0.000
8138;55.30603556;-21.20037685;0.000
8310;55.27715888;-21.04672411;0.000
8111;55.31974832;-21.20965310;0.000
8081;55.31417651;-21.21190162;0.000
8034;55.30330616;-21.18637419;0.000
8636;55.31843492;-21.01017721;0.000
4487;55.25385995;-21.07472404;0.000
8089;55.33039735;-21.22640562;0.000
8053;55.31871092;-21.23137695;0.000
7978;55.32485083;-21.21835703;0.000
8425;55.32097574;-21.02157262;0.000
7730;55.32920535;-21.19337514;0.000
8364;55.30396543;-21.05186150;0.000
8429;55.30296221;-21.01999161;0.000
7746;55.24514104;-21.08326274;0.000
8173;55.29981580;-21.22261656;0.000
4289;55.24223712;-21.07047357;0.000
8566;55.30525318;-20.98177992;0.000
7931;55.31374629;-21.18984480;0.000
8309;55.32752436;-21.02176066;0.000
4437;55.27069092;-21.06138089;0.000
4522;55.26497682;-21.08840753;0.000
8169;55.31405551;-21.17689169;0.000
4529;55.30458349;-21.09659804;0.000
4574;55.28548994;-21.07221312;0.000
7988;55.32305208;-21.20026113;0.000
8401;55.29995219;-21.07084980;0.000
4595;55.28618359;-21.07530938;0.000
8192;55.32432127;-21.22288914;0.000
7989;55.33828183;-21.20946952;0.000
8190;55.32628967;-21.21663235;0.000
7762;55.31071511;-21.20586917;0.000
8393;55.27149574;-21.05728521;0.000
4340;55.23903043;-21.07369766;0.000
7778;55.31495734;-21.16660645;0.000
8445;55.34805022;-20.96549110;0.000
8058;55.31109465;-21.15486343;0.000
7851;55.33262538;-21.22386368;0.000
4415;55.27617189;-21.06948535;0.000
7882;55.32730128;-21.22268026;0.000
4386;55.28269153;-21.03315424;0.000
4499;55.30329765;-21.12032816;0.000
7908;55.31541359;-21.19129457;0.000
8567;55.29171749;-21.05243058;0.000
7977;55.32733847;-21.21967184;0.000
8591;55.30916060;-21.03214643;0.000
4436;55.26854923;-21.06004198;0.000
7837;55.31858156;-21.19695740;0.000
7975;55.33036335;-21.21469922;0.000
8311;55.29675225;-21.05955272;0.000
4536;55.30559183;-21.08259873;0.000
7912;55.30949553;-21.20399184;0.000
8003;55.32907597;-21.21662455;0.000
8546;55.30154930;-21.05951433;0.000
8302;55.30482567;-21.02904402;0.000
7789;55.32599479;-21.21762000;0.000
8407;55.32836501;-21.01421736;0.000
7970;55.32899499;-21.21391449;0.000
8132;55.31321146;-21.20648903;0.000
8061;55.32122501;-21.24081484;0.000
7742;55.30237133;-21.23423894;0.000
8470;55.30602383;-21.01681791;0.000
8609;55.30788084;-20.99278296;0.000
7729;55.33002193;-21.19342727;0.000
8406;55.29097650;-21.06382930;0.000
8207;55.31727136;-21.17980328;0.000
4528;55.29602432;-21.09770438;0.000
8166;55.31831990;-21.20548491;0.000
8092;55.31666939;-21.20167079;0.000
4471;55.29424126;-21.06694410;0.000
8590;55.29911870;-21.02633774;0.000
4441;55.27072708;-21.06332540;0.000
4348;55.27884171;-21.08575357;0.000
8438;55.31101200;-21.02538211;0.000
7733;55.31449462;-21.20138495;0.000
7974;55.31879398;-21.22383939;0.000
8160;55.31653285;-21.15358230;0.000
7738;55.30340818;-21.23272959;0.000
8164;55.29790931;-21.18689889;0.000
7982;55.33648025;-21.20910749;0.000
4262;55.25286606;-21.06194265;0.000
7861;55.29617374;-21.21898568;0.000
8573;55.29486899;-21.05411309;0.000
8147;55.31686325;-21.15983076;0.000
8285;55.29141850;-21.05324509;0.000
8410;55.28658057;-21.05137239;0.000
8478;55.35223163;-20.96581886;0.000
7818;55.33174317;-21.21196311;0.000
8151;55.32614404;-21.20195451;0.000
8059;55.33072320;-21.21097233;0.000
8216;55.31966290;-21.18570190;0.000
8372;55.34032901;-20.99304849;0.000
7903;55.31156674;-21.20318440;0.000
7878;55.30099176;-21.13418495;0.000
8540;55.31841402;-21.02860221;0.000
4370;55.28608030;-21.06759071;0.000
8022;55.30965586;-21.18698277;0.000
8328;55.35128622;-20.96792443;0.000
4579;55.27623016;-21.07511467;0.000
7771;55.33888432;-21.20741542;0.000
4506;55.27201257;-21.07722295;0.000
8574;55.27370989;-21.04489737;0.000
4475;55.23978784;-21.06332028;0.000
8586;55.29374829;-21.02828488;0.000
4605;55.28192302;-21.08851956;0.000
4418;55.28498511;-21.07130176;0.000
4342;55.29110067;-21.08755560;0.000
7997;55.31440102;-21.18810036;0.000
7786;55.31629319;-21.19371549;0.000
8363;55.30297789;-21.05084722;0.000
7860;55.29550364;-21.22780636;0.000
8067;55.32690052;-21.21611176;0.000
8110;55.32464621;-21.20107923;0.000
4375;55.28294395;-21.10393238;0.000
8121;55.31688958;-21.19691775;0.000
8331;55.33873185;-21.02026834;0.000
7749;55.30679537;-21.20552992;0.000
7795;55.33029598;-21.21176968;0.000
8622;55.28962074;-21.04871033;0.000
8266;55.29701686;-21.06018949;0.000
7840;55.32232697;-21.19437573;0.000
8473;55.31386695;-21.02404718;0.000
7886;55.32660290;-21.18971926;0.000
8396;55.31792278;-21.02702836;0.000
7817;55.29153009;-21.21127242;0.000
4559;55.24192818;-21.05620369;0.000
4327;55.24961245;-21.08237322;0.000
4516;55.28213047;-21.09122007;0.000
4369;55.29348979;-21.08377339;0.000
4247;55.30711442;-21.07801016;0.000
4510;55.29333569;-21.11739547;0.000
4295;55.29605894;-21.09377965;0.000
8645;55.29433714;-21.06853379;0.000
7819;55.30905353;-21.18767886;0.000
8638;55.33043993;-21.01726687;0.000
8170;55.31172746;-21.17807182;0.000
4458;55.26865524;-21.06277300;0.000
4545;55.30282020;-21.12325877;0.000
8575;55.32047783;-21.01510123;0.000
4549;55.31271655;-21.08543705;0.000
8509;55.31682570;-21.00906873;0.000
8187;55.31542777;-21.18603099;0.000
8375;55.30267560;-21.07289601;0.000
7965;55.32890449;-21.21420842;0.000
4520;55.27724251;-21.06478830;0.000
4416;55.28547040;-21.07054187;0.000
8411;55.29542215;-21.05802074;0.000
8397;55.30344488;-21.03448796;0.000
7788;55.32040927;-21.21343774;0.000
7783;55.30689597;-21.22615259;0.000
4275;55.29759234;-21.12234870;0.000
8524;55.29605518;-21.05170401;0.000
8631;55.30452579;-21.06898407;0.000
8142;55.30911600;-21.18041393;0.000
8071;55.31894383;-21.20725271;0.000
8176;55.31539020;-21.18893914;0.000
8619;55.28750552;-21.05693075;0.000
7994;55.31956574;-21.21173925;0.000
4479;55.29580356;-21.12584375;0.000
8587;55.32683661;-21.02479138;0.000
4505;55.29571328;-21.12316874;0.000
8323;55.31684402;-21.03206753;0.000
8361;55.30441569;-21.05166297;0.000
4459;55.28319947;-21.08199008;0.000
8112;55.32115536;-21.20626879;0.000
7987;55.31804316;-21.15455531;0.000
4408;55.28256568;-21.07236879;0.000
7877;55.32052881;-21.16275784;0.000
4305;55.28668033;-21.08374386;0.000
4464;55.28520183;-21.08218885;0.000
8467;55.30320681;-20.99447720;0.000
8576;55.31674001;-21.03088377;0.000
4318;55.28863883;-21.10888895;0.000
8284;55.29192597;-21.05415562;0.000
8353;55.31299183;-21.05841410;0.000
8626;55.30737301;-21.07022192;0.000
8238;55.30650077;-21.20016796;0.000
8148;55.30603001;-21.19344750;0.000
8615;55.29335185;-21.05070626;0.000
7969;55.32214112;-21.19287105;0.000
8507;55.31010976;-20.97554674;0.000
4586;55.29055878;-21.09938332;0.000
8533;55.34273253;-21.00144893;0.000
4435;55.28188882;-21.06849076;0.000
8457;55.34919695;-20.96801489;0.000
8270;55.31555261;-21.03462105;0.000
8234;55.30424841;-21.22778384;0.000
4486;55.24356074;-21.06621351;0.000
4278;55.28894263;-21.07388843;0.000
8560;55.33024949;-21.01413211;0.000
7757;55.31205083;-21.19236917;0.000
8181;55.31033200;-21.20735799;0.000
8114;55.31290577;-21.19000944;0.000
8437;55.30062768;-21.02519928;0.000
4442;55.27624338;-21.06101570;0.000
8422;55.31630319;-21.02846237;0.000
7824;55.29437808;-21.22541110;0.000
8624;55.31474694;-21.01676455;0.000
8596;55.33330876;-21.01705585;0.000
8480;55.35325753;-20.96579080;0.000
8633;55.29340621;-21.03715970;0.000
8072;55.31970715;-21.19814165;0.000
7816;55.32790980;-21.22331774;0.000
8239;55.31081016;-21.19864209;0.000
8098;55.30472765;-21.18763082;0.000
8094;55.29830510;-21.22962107;0.000
4519;55.26291179;-21.09521508;0.000
7835;55.31385237;-21.19795045;0.000
8582;55.30276105;-20.98555437;0.000
4477;55.23911083;-21.06106261;0.000
7827;55.32235153;-21.19597436;0.000
8336;55.27414459;-21.04329691;0.000
4363;55.31188602;-21.08442316;0.000
4287;55.29661981;-21.11799067;0.000
4325;55.25981550;-21.08462210;0.000
8380;55.33234197;-21.00553670;0.000
8039;55.32946920;-21.22778057;0.000
7898;55.32644268;-21.21299262;0.000
7968;55.31018660;-21.17006463;0.000
7960;55.31050258;-21.15778104;0.000
8019;55.28933885;-21.21279759;0.000
4585;55.28767647;-21.10931981;0.000
8075;55.30680092;-21.19049474;0.000
8352;55.32216506;-21.02308611;0.000
4239;55.30760233;-21.08068935;0.000
4465;55.27839362;-21.08085406;0.000
4360;55.27265718;-21.06604438;0.000
4604;55.29539029;-21.08691410;0.000
8025;55.32402176;-21.22052899;0.000
8257;55.30996860;-21.01690396;0.000
8558;55.33062270;-21.01492980;0.000
8338;55.32653876;-21.02152474;0.000
8580;55.30889024;-21.01698486;0.000
7855;55.31730826;-21.17321409;0.000
4460;55.29171644;-21.09435624;0.000
4493;55.27689931;-21.06682837;0.000
8625;55.29572747;-21.03029162;0.000
7831;55.30622778;-21.18246005;0.000
8062;55.31512670;-21.19406046;0.000
7838;55.30868252;-21.15274102;0.000
4392;55.28171102;-21.09630451;0.000
4242;55.27614969;-21.08671697;0.000
7791;55.31664676;-21.19298676;0.000
4555;55.30194435;-21.08657858;0.000
8269;55.29077502;-21.05507015;0.000
7866;55.32692795;-21.21107712;0.000
7899;55.32685384;-21.20992932;0.000
8178;55.30882579;-21.20783486;0.000
8283;55.30054041;-21.04598158;0.000
7801;55.29654722;-21.21817985;0.000
4495;55.28670497;-21.03659608;0.000
4359;55.26033695;-21.08234217;0.000
4243;55.27811865;-21.08667757;0.000
7719;55.31642741;-21.19477565;0.000
8230;55.32322397;-21.18753523;0.000
7728;55.32225400;-21.19913494;0.000
8129;55.30822731;-21.22692606;0.000
8521;55.28888588;-21.03485312;0.000
4469;55.27746861;-21.06625654;0.000
7821;55.30781093;-21.20711441;0.000
7753;55.30925274;-21.19934699;0.000
4611;55.29349399;-21.12483299;0.000
8392;55.30563611;-21.01942904;0.000
7950;55.29537980;-21.22226583;0.000
4539;55.30215955;-21.12281253;0.000
4444;55.27601986;-21.08410250;0.000
7892;55.32707320;-21.21584146;0.000
8426;55.35242877;-20.96902752;0.000
7842;55.30474654;-21.20803125;0.000
7896;55.31596620;-21.21127349;0.000
8123;55.30591357;-21.20991328;0.000
4389;55.30292569;-21.09693168;0.000
8135;55.32181330;-21.18132834;0.000
8614;55.31217707;-20.97262813;0.000
8262;55.34508289;-21.00400190;0.000
7972;55.32546195;-21.21656413;0.000
8118;55.29659853;-21.22460047;0.000
4560;55.24334460;-21.05723749;0.000
7726;55.29776295;-21.22069042;0.000
7933;55.32203687;-21.17018716;0.000
4326;55.25474774;-21.05967911;0.000
8365;55.28810392;-21.06779171;0.000
4445;55.29280718;-21.07948893;0.000
8193;55.31563805;-21.20423335;0.000
8052;55.32116708;-21.21335400;0.000
8339;55.34930174;-20.96278891;0.000
8370;55.34939289;-20.96427205;0.000
4430;55.28942262;-21.07828577;0.000
8329;55.30359273;-21.01977120;0.000
4308;55.30305961;-21.11296924;0.000
8289;55.29805234;-21.05243570;0.000
7918;55.31903179;-21.20379301;0.000
4434;55.28169094;-21.06917063;0.000
8476;55.35182914;-20.96644486;0.000
7937;55.32825418;-21.20106308;0.000
8557;55.33862697;-20.99661476;0.000
8453;55.28859005;-21.05376129;0.000
7958;55.31623102;-21.22185989;0.000
4455;55.27992114;-21.06707955;0.000
8498;55.28321179;-21.03614738;0.000
8383;55.30163535;-21.03072253;0.000
4272;55.25396135;-21.06699432;0.000
8158;55.30459205;-21.22681382;0.000
4590;55.29506550;-21.11733082;0.000
4379;55.29781352;-21.09797869;0.000
8508;55.34048680;-21.00161605;0.000
8083;55.32639213;-21.21782486;0.000
8559;55.32431068;-21.00713453;0.000
4344;55.28429427;-21.03856175;0.000
8529;55.31304849;-21.01740703;0.000
8475;55.31066685;-21.01506841;0.000
8414;55.31938101;-21.02273977;0.000
8056;55.29077305;-21.21417683;0.000
4334;55.29368020;-21.09359269;0.000
7722;55.30692503;-21.20615801;0.000
8463;55.32496038;-21.01963851;0.000
4498;55.29944796;-21.12146498;0.000
4362;55.24671702;-21.07276543;0.000
4319;55.29558817;-21.09993102;0.000
7800;55.31391455;-21.19402372;0.000
8330;55.32730389;-21.02303872;0.000
7859;55.31962884;-21.20184181;0.000
4562;55.28064559;-21.09050014;0.000
4512;55.28695350;-21.11981875;0.000
4592;55.29115574;-21.11834992;0.000
7932;55.31496847;-21.21009852;0.000
8126;55.31265176;-21.21046721;0.000
4366;55.28538106;-21.09483967;0.000
8493;55.30018676;-21.04697492;0.000
7772;55.31945786;-21.15775926;0.000
8412;55.28998678;-21.05488317;0.000
4356;55.29103558;-21.08654396;0.000
7927;55.32584865;-21.19612263;0.000
8084;55.32994321;-21.21223499;0.000
8320;55.33365228;-20.99178802;0.000
8452;55.30383017;-21.05220420;0.000
4419;55.27920975;-21.07881590;0.000
8611;55.35396005;-20.96362910;0.000
8197;55.31520054;-21.18353940;0.000
7775;55.31230824;-21.15273007;0.000
7755;55.32205875;-21.20811327;0.000
4265;55.25413741;-21.07761336;0.000
8194;55.32962899;-21.21472128;0.000
4354;55.29386574;-21.08417935;0.000
4556;55.30105150;-21.08635758;0.000
4580;55.27751685;-21.07456082;0.000
7919;55.31886900;-21.18685466;0.000
8150;55.30662336;-21.19202294;0.000
8165;55.29278098;-21.19254655;0.000
7787;55.30016034;-21.13129746;0.000
8228;55.32287433;-21.20894299;0.000
8090;55.32117345;-21.18428417;0.000
7943;55.32481217;-21.20367121;0.000
7876;55.29875395;-21.22961621;0.000
4607;55.33201234;-21.10081238;0.000
8312;55.35302615;-20.95301127;0.000
7798;55.31080820;-21.21260322;0.000
8517;55.32568105;-21.03518250;0.000
7718;55.32155904;-21.20079788;0.000
8299;55.31894100;-21.02000322;0.000
8248;55.32512084;-21.20784940;0.000
4576;55.25717806;-21.07916896;0.000
8180;55.31858410;-21.21535357;0.000
8500;55.28053817;-21.05743326;0.000
8376;55.31403583;-21.02867060;0.000
8057;55.32354731;-21.20249782;0.000
4593;55.29173913;-21.11953679;0.000
7847;55.32162907;-21.16484542;0.000
4351;55.25107072;-21.05891605;0.000
8267;55.29548255;-21.05757003;0.000
8496;55.30007919;-21.04563600;0.000
8489;55.35825829;-20.96703849;0.000
4423;55.30109372;-21.06788798;0.000
8384;55.31182597;-21.03322169;0.000
8136;55.30571953;-21.20106853;0.000
8016;55.29196632;-21.21854926;0.000
7947;55.30927315;-21.21143617;0.000
8522;55.35144818;-20.96922538;0.000
8294;55.32823450;-21.02945509;0.000
4249;55.29256622;-21.07611037;0.000
8516;55.30015061;-21.03033025;0.000
8421;55.30010436;-21.05892378;0.000
8389;55.31211794;-21.01428152;0.000
8443;55.35015215;-20.96670078;0.000
8628;55.30920070;-21.07053783;0.000
7870;55.30786636;-21.13002011;0.000
8394;55.30720212;-21.02397108;0.000
8278;55.29095960;-21.06438532;0.000
8629;55.30709251;-21.06969314;0.000
8293;55.34322183;-20.99762130;0.000
8031;55.29680597;-21.21342718;0.000
4618;55.28798795;-21.03094706;0.000
7747;55.30931923;-21.15307466;0.000
4438;55.29069322;-21.07511632;0.000
4446;55.27910433;-21.07660801;0.000
4241;55.30841498;-21.08074161;0.000
7823;55.30830494;-21.18711354;0.000
4615;55.23586923;-21.06469435;0.000
8201;55.31357700;-21.19584007;0.000
8436;55.30099895;-21.02396774;0.000
4335;55.29391320;-21.08644543;0.000
8632;55.29336147;-21.03783808;0.000
7992;55.32197519;-21.21336557;0.000
8634;55.32421353;-21.03462549;0.000
7741;55.30172978;-21.23226416;0.000
8241;55.31381188;-21.19625823;0.000
8315;55.27640830;-21.04502782;0.000
7910;55.31729395;-21.18124149;0.000
7853;55.31077067;-21.17067720;0.000
8515;55.28701467;-21.04297648;0.000
7822;55.30603042;-21.21301604;0.000
8105;55.32748796;-21.21216287;0.000
8204;55.32740246;-21.21558373;0.000
4602;55.28623172;-21.10093752;0.000
7760;55.30947975;-21.20658923;0.000
8584;55.33575611;-20.98865942;0.000
4532;55.30236040;-21.08712056;0.000
4480;55.27522698;-21.05626381;0.000
4390;55.30000083;-21.09885334;0.000
4609;55.25788125;-21.08815282;0.000
7985;55.32969179;-21.20249632;0.000
8161;55.30750543;-21.23097717;0.000
8562;55.31292664;-21.02420590;0.000
8551;55.33476892;-20.99243447;0.000
7888;55.30939385;-21.15542135;0.000
8561;55.33537316;-21.02926228;0.000
4269;55.29773271;-21.08798388;0.000
4617;55.26772360;-21.05988795;0.000
8157;55.32299827;-21.20922738;0.000
8145;55.31899674;-21.18010215;0.000
8570;55.28584571;-21.04881232;0.000
8226;55.32276409;-21.22054584;0.000
4551;55.28989215;-21.09815588;0.000
4613;55.30130124;-21.08038033;0.000
7963;55.31479339;-21.18127787;0.000
7780;55.31344616;-21.15514284;0.000
7844;55.31133384;-21.17612679;0.000
4282;55.25351913;-21.06740941;0.000
4527;55.28292670;-21.10515098;0.000
8268;55.29239893;-21.05547494;0.000
8602;55.35534463;-20.96695526;0.000
7990;55.32659460;-21.20499543;0.000
8005;55.30432722;-21.19184367;0.000
4267;55.24190568;-21.07090106;0.000
8368;55.31773434;-21.02423049;0.000
8531;55.34279724;-20.99958793;0.000
8398;55.29336546;-21.05450666;0.000
8525;55.29488590;-21.05252370;0.000
4598;55.27387872;-21.07059405;0.000
8286;55.31546437;-21.02030895;0.000
8471;55.30422332;-21.01913758;0.000
4463;55.28445289;-21.07504901;0.000
8455;55.35423328;-20.97002447;0.000
8153;55.32514632;-21.18546076;0.000
8049;55.31908471;-21.17330293;0.000
7961;55.32289192;-21.20487912;0.000
8367;55.29543861;-21.02969414;0.000
4385;55.29785903;-21.08342445;0.000
7891;55.33244920;-21.21187505;0.000
7790;55.31261339;-21.15793249;0.000
8236;55.31338063;-21.19381946;0.000
8182;55.32109596;-21.17246777;0.000
8572;55.31487058;-21.02934651;0.000
8199;55.31517271;-21.18257931;0.000
7945;55.29204276;-21.21273885;0.000
8549;55.28710403;-21.02912935;0.000
8134;55.32094306;-21.18074239;0.000
8450;55.29211639;-21.04020705;0.000
7895;55.31622374;-21.21237988;0.000
8265;55.30247067;-21.06457246;0.000
7917;55.31461956;-21.19351127;0.000
4488;55.24459366;-21.06851593;0.000
4422;55.29939888;-21.06822579;0.000
8218;55.30109109;-21.19928654;0.000
8434;55.31085795;-21.02453420;0.000
8545;55.29442819;-21.05652675;0.000
8104;55.32341614;-21.21557015;0.000
7942;55.30734972;-21.18774542;0.000
8100;55.32735830;-21.19580552;0.000
7907;55.32077108;-21.17573986;0.000
4558;55.25058451;-21.07850497;0.000
8440;55.33758581;-20.99562266;0.000
8456;55.35307640;-20.96420328;0.000
8382;55.30999696;-21.01392906;0.000
7751;55.32394826;-21.18964605;0.000
4381;55.29814997;-21.09256320;0.000
7849;55.31942247;-21.16541136;0.000
4414;55.27377315;-21.06774707;0.000
7766;55.31246834;-21.21403893;0.000
7809;55.30880827;-21.15154655;0.000
4387;55.30446205;-21.07374277;0.000
7845;55.30771962;-21.21247125;0.000
8276;55.30453485;-21.02917345;0.000
4296;55.28312334;-21.10545278;0.000
4238;55.25764300;-21.06733446;0.000
8360;55.32381857;-21.01465187;0.000
8009;55.31558437;-21.17532047;0.000
8337;55.30350314;-20.96514216;0.000
8011;55.32081215;-21.21060721;0.000
8288;55.30307287;-21.03135677;0.000
7929;55.32304211;-21.17848283;0.000
8465;55.33955530;-20.99279845;0.000
4474;55.24792487;-21.08558198;0.000
8225;55.30863384;-21.14837498;0.000
8196;55.32686789;-21.18723089;0.000
8539;55.31415084;-21.01577254;0.000
8400;55.30640011;-21.03019550;0.000
4472;55.26642993;-21.09368223;0.000
7794;55.32936495;-21.21385608;0.000
7936;55.32339246;-21.18054947;0.000
8538;55.31341787;-21.01550952;0.000
4515;55.27491479;-21.09377793;0.000
8214;55.30119575;-21.13259697;0.000
4567;55.26086544;-21.06107837;0.000
8423;55.30250510;-21.06076361;0.000
8613;55.29151796;-21.04249697;0.000
8343;55.29558783;-21.04758929;0.000
4466;55.31312800;-21.06801702;0.000
8348;55.31946640;-21.02072390;0.000
8122;55.32292967;-21.18756155;0.000
8354;55.31012037;-21.01692799;0.000
4490;55.24629385;-21.08117473;0.000
8237;55.31089209;-21.20109784;0.000
8359;55.28693880;-21.03260398;0.000
7996;55.32454892;-21.21237580;0.000
4253;55.29437784;-21.07910521;0.000
8340;55.30463315;-21.03356081;0.000
4448;55.29694340;-21.07020935;0.000
4620;55.26880848;-21.06520489;0.000
4511;55.29004736;-21.08068415;0.000
8045;55.31296942;-21.18223423;0.000
8554;55.34243926;-20.99820074;0.000
8149;55.32634436;-21.21744168;0.000
8007;55.31868905;-21.16218328;0.000
4328;55.28357357;-21.06951129;0.000
8030;55.32479647;-21.21866139;0.000
8198;55.31872683;-21.16078983;0.000
4271;55.28657749;-21.10410418;0.000
7921;55.33110269;-21.21781015;0.000
7999;55.32641710;-21.21260633;0.000
4564;55.28082511;-21.08618744;0.000
7897;55.31513500;-21.17060744;0.000
4534;55.28374291;-21.06615109;0.000
8555;55.31339067;-21.03165007;0.000
7924;55.32733685;-21.22399609;0.000
8152;55.33117098;-21.21023198;0.000
4508;55.28632230;-21.07695651;0.000
4396;55.29368699;-21.09662821;0.000
7920;55.31558413;-21.19448414;0.000
4312;55.28606508;-21.09521839;0.000
7939;55.30989853;-21.20970308;0.000
8174;55.32707929;-21.19367240;0.000
7857;55.32055744;-21.17340123;0.000
8013;55.30726570;-21.18576205;0.000
7723;55.32106930;-21.17424661;0.000
8172;55.31394296;-21.17776773;0.000
8610;55.35365688;-20.96748223;0.000
4277;55.29171273;-21.06190790;0.000
8208;55.32229215;-21.18964909;0.000
8168;55.30310621;-21.20656205;0.000
4331;55.27495851;-21.06661821;0.000
4542;55.30208100;-21.09579996;0.000
8306;55.29701242;-21.05264628;0.000
8116;55.33084693;-21.22492613;0.000
8550;55.29577926;-21.06922283;0.000
7925;55.32420502;-21.17799919;0.000
8144;55.31657203;-21.20910283;0.000
4594;55.29238593;-21.11834902;0.000
8544;55.30375197;-21.06088653;0.000
8349;55.32139319;-21.02278525;0.000
8250;55.29891079;-21.12982074;0.000
8607;55.30622042;-21.02091287;0.000
7993;55.30470214;-21.23168960;0.000
4553;55.28493796;-21.09725428;0.000
8243;55.31266009;-21.15700964;0.000
8279;55.31174044;-21.02636370;0.000
8235;55.30886562;-21.22560484;0.000
4591;55.29305153;-21.11795032;0.000
8281;55.34301910;-20.99536764;0.000
8342;55.29018705;-21.03981206;0.000
4251;55.31675817;-21.08013858;0.000
4420;55.29498696;-21.08630573;0.000
8264;55.31971841;-21.02602338;0.000
8461;55.34119593;-21.00100324;0.000
8156;55.32646818;-21.21718769;0.000
4614;55.27497766;-21.08740011;0.000
8096;55.31501426;-21.20196564;0.000
8494;55.28303942;-21.03536383;0.000
4524;55.25605077;-21.09272123;0.000
4554;55.26717171;-21.05747875;0.000
8374;55.32275819;-21.02206860;0.000
7904;55.32272785;-21.21943884;0.000
4462;55.29376898;-21.09567458;0.000
8217;55.31095031;-21.19718148;0.000
8080;55.31251469;-21.22863075;0.000
8012;55.31141084;-21.18708537;0.000
4402;55.30506457;-21.12241709;0.000
4400;55.29397011;-21.09459535;0.000
4473;55.28408530;-21.07739595;0.000
4315;55.23672575;-21.06677526;0.000
8357;55.34303956;-21.00992865;0.000
8578;55.31694114;-21.02619830;0.000
7940;55.31155773;-21.17008331;0.000
7736;55.30621212;-21.20447777;0.000
7900;55.32738908;-21.19859327;0.000
8317;55.28645169;-21.05207913;0.000
4384;55.28815642;-21.12049889;0.000
8464;55.34340479;-20.99490820;0.000
4276;55.28629038;-21.08648965;0.000
8048;55.31184310;-21.19933522;0.000
4483;55.24087206;-21.06762308;0.000
4256;55.28634988;-21.07841142;0.000
8002;55.32712535;-21.22444947;0.000
4261;55.28738957;-21.10214970;0.000
8485;55.35470192;-20.96318974;0.000
4572;55.29515389;-21.08213319;0.000
4410;55.27214585;-21.06763866;0.000
4263;55.29811415;-21.07460429;0.000
8073;55.31984992;-21.19714510;0.000
4306;55.30219993;-21.08250836;0.000
8593;55.32947235;-21.03248944;0.000
8017;55.32504070;-21.18002692;0.000
8413;55.29523052;-21.05299730;0.000
7923;55.33348400;-21.22043218;0.000
8301;55.27627499;-21.05827373;0.000
8618;55.28988797;-21.05594425;0.000
4485;55.24177636;-21.06676990;0.000
4548;55.30659718;-21.07422043;0.000
4316;55.23906873;-21.07271269;0.000
7724;55.31889145;-21.17499088;0.000
7776;55.30962927;-21.17907493;0.000
8211;55.30712721;-21.19139933;0.000
8497;55.28929374;-21.04501046;0.000
8077;55.31354766;-21.17714193;0.000
4578;55.27495674;-21.07642985;0.000
4391;55.29841924;-21.09849009;0.000
4382;55.29569571;-21.07083375;0.000
8391;55.32135572;-21.01367815;0.000
4388;55.28299942;-21.08771078;0.000
4509;55.29525075;-21.07867003;0.000
4397;55.28237256;-21.09451569;0.000
8350;55.31861566;-21.01845668;0.000
8594;55.34772849;-21.00618868;0.000
8249;55.31948716;-21.21821989;0.000
8065;55.33244850;-21.22179461;0.000
7784;55.30819501;-21.22548470;0.000
7905;55.31302959;-21.16377512;0.000
8078;55.33083314;-21.21617450;0.000
7928;55.32775455;-21.21811118;0.000
8274;55.33233108;-20.99151613;0.000
8254;55.30913306;-21.01810231;0.000
7796;55.32204402;-21.19323425;0.000
4547;55.30906785;-21.07533209;0.000
7792;55.32371711;-21.17325966;0.000
8033;55.30109954;-21.20371383;0.000
7964;55.31490640;-21.18107325;0.000
8408;55.28836362;-21.05332090;0.000
4279;55.28564930;-21.09267343;0.000
4280;55.29888006;-21.09624832;0.000
7826;55.31886375;-21.18257647;0.000
8547;55.30974990;-21.06360060;0.000
8451;55.30713250;-21.03449839;0.000
7883;55.33033352;-21.21799782;0.000
4264;55.30217010;-21.08440832;0.000
7770;55.30234260;-21.16377198;0.000
8143;55.32595179;-21.18273119;0.000
4521;55.25470551;-21.09053937;0.000
4307;55.23673508;-21.06094841;0.000
7863;55.30345554;-21.18522219;0.000
8402;55.28883326;-21.06604282;0.000
4575;55.28200449;-21.07719614;0.000
4523;55.25656385;-21.09219147;0.000
8542;55.30147437;-21.06269363;0.000
4518;55.29967992;-21.08829339;0.000
4439;55.29151743;-21.07482281;0.000
8316;55.29025823;-21.05329237;0.000
8532;55.34201665;-21.00075864;0.000
8108;55.33044209;-21.21912049;0.000
8167;55.31908307;-21.20460591;0.000
8183;55.31202287;-21.16885580;0.000
8000;55.31371816;-21.21242975;0.000
8519;55.35453613;-20.95413093;0.000
7869;55.33294098;-21.21574375;0.000
8076;55.31408954;-21.19162712;0.000
4322;55.29160986;-21.06299884;0.000
4491;55.27253438;-21.06988341;0.000
8417;55.30181579;-21.02972997;0.000
7811;55.30776075;-21.20969463;0.000
7865;55.30419831;-21.13285494;0.000
7995;55.31777230;-21.20320117;0.000
4507;55.28673536;-21.07608517;0.000
8460;55.34113045;-20.99983987;0.000
8314;55.29639393;-21.03017167;0.000
8556;55.27278402;-21.05871961;0.000
8055;55.31769893;-21.19002260;0.000
8117;55.31329757;-21.20526427;0.000
8499;55.28765184;-21.06170209;0.000
8304;55.34077505;-20.99858322;0.000
7930;55.32167650;-21.18586485;0.000
8592;55.31882190;-21.02645505;0.000
4503;55.30384246;-21.11845042;0.000
8102;55.32736830;-21.21575844;0.000
8512;55.29713427;-21.05830203;0.000
4311;55.31487818;-21.09156836;0.000
7871;55.32502793;-21.18748488;0.000
4484;55.24257756;-21.06614611;0.000
8420;55.27056031;-21.04178264;0.000
8530;55.30997194;-21.01817680;0.000
4353;55.28800052;-21.08502555;0.000
8245;55.32200089;-21.19355236;0.000
4246;55.31000441;-21.07814820;0.000
7893;55.31432746;-21.17607392;0.000
7740;55.31645993;-21.19883222;0.000
7744;55.30669138;-21.20423653;0.000
8520;55.29418253;-21.05691885;0.000
4273;55.26969331;-21.06389948;0.000
4350;55.26905673;-21.06806820;0.000
7829;55.31205499;-21.18521467;0.000
8044;55.32348200;-21.17722142;0.000
8261;55.33449330;-21.00159707;0.000
8210;55.31383689;-21.20041563;0.000
7911;55.31133169;-21.16908438;0.000
4309;55.28475923;-21.09320581;0.000
4588;55.28463804;-21.10715879;0.000
4274;55.29601076;-21.11856882;0.000
7850;55.30785109;-21.18471806;0.000
4364;55.26314938;-21.08143795;0.000
4451;55.30685948;-21.07670851;0.000
4433;55.28101610;-21.07021984;0.000
8642;55.33160337;-21.01851840;0.000
8579;55.32059195;-21.01560801;0.000
4290;55.24138632;-21.07220529;0.000
8432;55.31584821;-21.03298019;0.000
8409;55.29128985;-21.05382343;0.000
8321;55.28046566;-21.04843449;0.000
8054;55.30780061;-21.20399425;0.000
8297;55.32444148;-21.01884257;0.000
8569;55.32752234;-21.01362974;0.000
7952;55.31353776;-21.16651318;0.000
4470;55.28592445;-21.03654253;0.000
8405;55.33856042;-21.00034471;0.000
4587;55.30238920;-21.09525677;0.000
8221;55.31350919;-21.19312720;0.000
8185;55.32207424;-21.19127862;0.000
4266;55.23479446;-21.06478910;0.000
4310;55.30204445;-21.08364297;0.000
7967;55.32492490;-21.19350428;0.000
8163;55.32111525;-21.19721360;0.000
4457;55.28739935;-21.07245475;0.000
4550;55.29046107;-21.09795680;0.000
8472;55.30465611;-21.02092946;0.000
4365;55.26367759;-21.08132870;0.000
8219;55.31141965;-21.19751934;0.000
8482;55.32819772;-21.01011111;0.000
8171;55.31270990;-21.17751494;0.000
7959;55.30939894;-21.20149708;0.000
8146;55.32069159;-21.17945516;0.000
8087;55.31035779;-21.17457810;0.000
7979;55.31992941;-21.17844473;0.000
4409;55.28169652;-21.07281307;0.000
7748;55.31279223;-21.15184137;0.000
8242;55.27857646;-21.13882002;0.000
8128;55.30922042;-21.22634435;0.000
7890;55.30940135;-21.15760152;0.000
8028;55.31858955;-21.19586199;0.000
4321;55.31101050;-21.08437667;0.000
8399;55.27522033;-21.05910485;0.000
4541;55.29745906;-21.09754645;0.000
8106;55.31768165;-21.19268643;0.000
8571;55.30557577;-21.02306888;0.000
7820;55.31582471;-21.19305963;0.000
4297;55.29272027;-21.09292424;0.000
7734;55.31781401;-21.22815608;0.000
8444;55.30547342;-21.02229844;0.000
4454;55.27887134;-21.06757825;0.000
8635;55.33314822;-21.02829155;0.000
4299;55.28415483;-21.06407736;0.000
8184;55.31285039;-21.16884765;0.000
8462;55.32616108;-21.01939679;0.000
8600;55.29137670;-21.04975696;0.000
8385;55.28986344;-21.06471094;0.000
8458;55.34932282;-20.96884719;0.000
8341;55.31875869;-21.02769289;0.000
7765;55.33080258;-21.21082232;0.000
4394;55.29511834;-21.08475832;0.000
8318;55.31242264;-21.01892723;0.000
7915;55.32231604;-21.21676127;0.000
4530;55.23683972;-21.06936573;0.000
8386;55.31252784;-21.01944621;0.000
7805;55.30505834;-21.22959011;0.000
8085;55.32345173;-21.21977736;0.000
8639;55.32922265;-21.01774134;0.000
4570;55.25881160;-21.08911829;0.000
7879;55.30086630;-21.13412910;0.000
8186;55.31275919;-21.20041945;0.000
7758;55.31740686;-21.17084413;0.000
8439;55.31736495;-21.02661436;0.000
8272;55.28523919;-21.03415856;0.000
8035;55.32846937;-21.22230949;0.000
4412;55.28291441;-21.07198745;0.000
8313;55.30501469;-21.05349387;0.000
8130;55.30961682;-21.22724782;0.000
8468;55.28679753;-21.06264392;0.000
8042;55.32182460;-21.21931292;0.000
8534;55.33656930;-20.99669011;0.000
8583;55.31746795;-21.04619693;0.000
4406;55.30288223;-21.02571850;0.000
8541;55.31960353;-21.03230068;0.000
8518;55.32767635;-21.03634847;0.000
8490;55.35681014;-20.96853270;0.000
4453;55.29374124;-21.08572041;0.000
8018;55.30221554;-21.23154943;0.000
4612;55.29694952;-21.12071415;0.000
8252;55.28821343;-21.04935230;0.000
4300;55.31488309;-21.08411051;0.000
8086;55.31164247;-21.17753960;0.000
8324;55.31956587;-21.02905080;0.000
4357;55.29211644;-21.08661364;0.000
4584;55.30216848;-21.09684841;0.000
7852;55.31218742;-21.18975057;0.000
4537;55.27186861;-21.09158469;0.000
8492;55.32508237;-21.02988232;0.000
8404;55.34122548;-21.00385178;0.000
4621;55.27334737;-21.06802397;0.000
8510;55.30718142;-21.05040693;0.000
4377;55.27669999;-21.08234127;0.000
4569;55.28403449;-21.08667096;0.000
4313;55.30161248;-21.07704096;0.000
4248;55.28088487;-21.06393535;0.000
4345;55.26947688;-21.06078891;0.000
8093;55.31741505;-21.20111241;0.000
8079;55.32145772;-21.22902200;0.000
8441;55.30590106;-21.03095614;0.000
4429;55.28293425;-21.07072533;0.000
4500;55.28514978;-21.09753926;0.000
4341;55.26828663;-21.06638628;0.000
8240;55.31873320;-21.19147888;0.000
8454;55.35063856;-20.96849176;0.000
8103;55.30918107;-21.20305416;0.000
8334;55.31923154;-21.02101862;0.000
4404;55.30336493;-21.08074775;0.000
7804;55.28254455;-21.13472620;0.000
4461;55.29738751;-21.09575914;0.000
8565;55.30043152;-20.98283450;0.000
7763;55.32446786;-21.20589742;0.000
7874;55.30903982;-21.18181926;0.000
8292;55.28657893;-21.04386007;0.000
4374;55.28291630;-21.10259930;0.000
8536;55.31381394;-21.01463089;0.000
8068;55.31324264;-21.19459983;0.000
8097;55.30579964;-21.18806515;0.000
8621;55.28898291;-21.04804756;0.000
4373;55.29793246;-21.09987359;0.000
8552;55.29453954;-21.04182177;0.000
4240;55.30743744;-21.08135239;0.000
8627;55.30509661;-21.07048517;0.000
8474;55.35495106;-20.96743054;0.000
4255;55.29785610;-21.08675554;0.000
7949;55.29356425;-21.22038648;0.000
4317;55.25409691;-21.08089089;0.000
8356;55.29776074;-21.05331700;0.000
8010;55.31700474;-21.16204291;0.000
7759;55.32222903;-21.20209347;0.000
4492;55.29738358;-21.07821547;0.000
8415;55.30859841;-20.98314091;0.000
4294;55.29658915;-21.08672265;0.000
8535;55.33922291;-21.00023637;0.000
8200;55.30928077;-21.19044563;0.000
8501;55.28963382;-21.03330702;0.000
8608;55.30838960;-20.99330058;0.000
8050;55.31294586;-21.17678449;0.000
4399;55.29175642;-21.09288382;0.000
8047;55.31461310;-21.21364502;0.000
4432;55.30195706;-21.08412539;0.000
8504;55.33030020;-21.01121556;0.000
8479;55.35255454;-20.96502978;0.000
4581;55.27735969;-21.07614187;0.000
8358;55.34316618;-21.00941653;0.000
4293;55.29503472;-21.07596234;0.000
8599;55.28836510;-21.05201190;0.000
8001;55.30287376;-21.20030786;0.000
7785;55.31768676;-21.23230249;0.000
8595;55.33231960;-21.01635603;0.000
8296;55.33941764;-20.99783872;0.000
4552;55.29037774;-21.09729837;0.000
4450;55.30601296;-21.07923075;0.000
8620;55.28931971;-21.04801703;0.000
8155;55.32439361;-21.21878360;0.000
8477;55.35414474;-20.96481952;0.000
7867;55.32624059;-21.18104375;0.000
4571;55.28819984;-21.08526552;0.000
4502;55.29226259;-21.06694065;0.000
7935;55.30235489;-21.13306136;0.000
7721;55.32456111;-21.19240739;0.000
8298;55.32143403;-21.02144909;0.000
8623;55.31556569;-21.01747645;0.000
8503;55.33106008;-21.01242316;0.000
8523;55.31394006;-21.01708789;0.000
8347;55.30140843;-21.03197547;0.000
4343;55.29210519;-21.09947531;0.000
8231;55.32338855;-21.18243465;0.000
7782;55.32876919;-21.21533883;0.000
8046;55.31193960;-21.20684011;0.000
4540;55.29977421;-21.09637016;0.000
8486;55.30511341;-21.03322127;0.000
7803;55.31774846;-21.22565050;0.000
8101;55.30988471;-21.15451874;0.000
4582;55.26345083;-21.06176169;0.000
7732;55.31780414;-21.20032672;0.000
4291;55.25362871;-21.05946726;0.000
7779;55.31667341;-21.16156276;0.000
7909;55.32880845;-21.21831555;0.000
4616;55.26722278;-21.06106923;0.000
4497;55.27898935;-21.08866188;0.000
7743;55.32264596;-21.17508152;0.000
8273;55.29432735;-21.05126888;0.000
7807;55.30869191;-21.15193864;0.000
8377;55.34713342;-20.98736955;0.000
8419;55.27190910;-21.04575984;0.000
8327;55.29378332;-21.04083148;0.000
8378;55.34632125;-20.98626440;0.000
7739;55.29601544;-21.12997938;0.000
7808;55.31571624;-21.16376153;0.000
7926;55.32970776;-21.21572265;0.000
7948;55.30917353;-21.21150254;0.000
8008;55.31469057;-21.15452094;0.000
7922;55.32649518;-21.22506090;0.000

